PC1,PC2,PC3,PC4,PC5,PC6,PC7,PC8,PC9,PC10,SalePrice
-4.5066337147333595,-2.9723699395052607,-1.4090842309392304,-0.4721870766557581,0.3691305958112216,0.15430030714410878,1.2195322279076843,1.9608413000936316,0.11290640877019975,-0.17733538834826354,-0.43543172458025675
1.1315272044834639,4.395856584462603,0.23489711711876066,1.5421926891956232,0.9421822454302456,1.8486685178982059,1.01327108096572,-0.4842404037213348,-1.2108136706058772,0.11850025676482684,0.13393763263956418
-8.01654325995666,0.9410427614716151,5.044358693600625,-4.092407010578066,-3.991985571646824,0.9047541912525705,2.1312169861026464,0.6458133757457417,0.2959793833388341,0.5795123821490954,-1.4706487377072044
-2.9466192911723654,0.2528506679357997,-4.669529153848455,0.2225517312354161,-1.4395039201690627,3.162689922910679,0.314424914144081,-0.5091186358359455,0.4367669227874789,3.503213510646924,0.08217678198321685
-4.748270150576645,2.129699711290868,-2.7820392039535498,-1.4988899765171249,1.4330865788996823,-1.5730384647370566,0.10030977306894745,-0.1914961665455,-3.331969169762561,1.3386309302704507,-0.7459968285183413
-3.4564756191404085,-3.278111371702834,-0.7704792231251621,1.5887869581328853,1.2087599360060493,3.4559051081286567,-0.5249845484162798,1.7159179387453647,2.5598898682179327,-2.0299454502274106,-0.35088900184155614
3.2199619786142004,4.061268052560293,2.302182406259875,1.1438481710411634,0.12383165030772443,2.3973895136945016,-0.5862854673861094,0.19745074896527903,0.41210318413674357,-0.4312641701287981,0.06492316509776773
-6.146751294037344,-0.4821536107640607,-0.208396752979435,0.3335395566689566,0.19169952993919895,2.8622449008720032,-0.9253324922872944,1.4105899275896556,-0.05132807661483643,2.134414617722933,-0.771877253846515
1.7978398910818156,-2.1974778288805314,-2.8450809883764054,-2.177011749761403,-0.43260736607536626,-0.6621480471275699,2.2438631902835744,-0.4461108977245468,0.32641382646757444,-1.100634620625218,0.0908035904259414
4.523559780083564,-1.0836654729431248,2.429422605323637,-2.200774620138009,1.8946608184231695,-4.593961316314269,1.7233379565829816,0.8309994283364764,0.762504823565689,-2.2916581068014947,0.9448576262556732
-3.661701305963081,0.236733352421139,1.1616050019610684,2.271428753877064,1.2446066615000384,0.964183538483844,-1.1127616949660797,0.28313352698688377,1.3479221189611859,0.5066211036187847,-0.7114895947474428
-0.9207745230710013,-1.9705494541156359,-2.037824586946944,1.0450605371813229,-0.5649936930779311,1.7072397197412352,-0.9091315676642016,-2.469886792031593,2.561523715381468,-1.085340222040011,-0.17749015214279243
1.534553312502297,-2.283478873152297,-3.17943906422175,-1.944108464263668,0.4058851275093511,-1.3452679258671711,2.3437388262011503,-0.49586212735324475,1.8313047930260151,-1.5862769464443833,-0.22838832195486714
0.848795163002808,2.035776882904253,-3.7883038605184605,1.9451011060772816,-0.6178124201258111,-1.9796613731977453,0.9993280039707486,0.7644038693245733,2.933828624719778,0.16803315543534109,0.5997852885466904
-1.09698601440023,-0.4429028213968739,-1.681620450473922,-1.8243713730106974,3.147984479716141,-4.350350509559765,2.159636200267513,0.3503268909615754,2.96068262515342,1.32526304982932,-0.5216998090075026
3.643245298753006,5.45831972761447,0.274847626617147,0.74656858029029,0.7842151753997274,1.2102550747898382,0.5724495743486318,-1.0839868142920728,-1.5100328151756717,-1.015531057626068,0.5135172041194449
0.9764303809944347,-1.2783899402159435,-3.8033170821141464,-3.2598270794719735,-0.12398141336041893,0.41662606314856465,0.8569762533037651,-2.144780197118933,0.812520253917967,-0.25322576260696883,0.8068286911720798
-4.840870368406745,-2.363799345358759,-0.5445282944292054,1.8314898500579169,2.1536531002932175,0.14586671290124098,-1.1348511610453718,1.8755501966576422,-1.5178301872078193,2.1494075491092905,-0.7805040622892395
-1.561497307806681,0.3837142454034448,-1.6381794351823338,3.0502956976054625,-1.6853692483316909,0.10834100080996574,1.1945785329126066,0.8942109186863463,3.03696676899625,1.976009193109621,-0.18525427974124437
2.8174222986993946,-4.468960805725188,-2.7997469562254276,-0.8814583692494631,-1.9495051329372275,1.1539368173376263,-0.01838245524290963,-0.5561956602079742,0.29238149103416705,-2.3922531057687255,0.23745933395225882
-7.81638318093372,1.3851889741881251,1.0402746112135852,-2.3281229724504113,2.2950492410748256,0.7961178550896926,-1.8073183984871979,-1.5490886030066442,0.013168958565068705,1.212594874039292,-1.2722321435245394
0.43635004562406854,1.9965628832272673,-2.913260709148218,1.685680465147948,-0.4316421549965407,-3.091245521346264,0.8916379447692403,-0.8678853216990372,3.2310647611795713,1.7098649918619049,0.5135172041194449
-4.925852251030554,2.7629018576611615,-3.1326884388910976,-2.5327681068242978,1.4513656097314902,-0.7370720142975512,1.4648146612953736,-2.4533699974792422,-2.2921606848701175,-0.25014207192947846,-0.3664172570384603
3.3243899691972296,4.619826301551902,2.189188171303517,0.939907787652698,0.7286814231030003,1.5843187066181943,0.8859990677581232,0.49315800528603937,-0.5994962188027525,-0.9971932654696402,0.1494658878364686
1.8787183300002608,-3.1224248957336904,2.8403914527587237,0.5171332855281551,2.294836626300471,1.1582118086925781,-0.7271030593488618,2.8640087274538093,-0.6380856054295962,-0.6147026325066468,0.25298758914916325
1.040970787662254,3.1105326294224143,5.084753411590903,4.755702627961921,3.3942432410442938,-3.9996285067278374,-0.533116068369007,3.0242973481037065,-2.673617041798584,0.43367505148919977,-0.09553547193690887
3.4986648349422653,-3.625864231354143,-2.609301617864662,-2.480056834468018,-2.8653184989305265,-0.8470001560306883,-0.5358252414841549,1.2526443824257485,-2.619223649954246,-1.551540295173274,2.842755483655077
-3.4406299090347288,-2.1249119856013414,2.878955632371252,0.5429710090403802,-1.9449306524932717,-3.808480069623672,-8.48178051731653,-8.592988881040123,3.2940590209085068,-2.0094616954204447,-1.4275146954935818
5.0251178168796375,-0.2249494300445639,2.335128683450836,-3.08609942694505,4.2188183472817675,-1.4459101236797791,1.697395710781156,0.5246789983930986,2.098137766061994,-0.5081491804339232,1.0858196762097925
-3.004506885534586,0.681266804038975,-0.24697073394707195,-0.4756561824531577,2.2734233814362317,-1.7063384740464496,2.0054939207154727,2.3368027946095182,-1.2693914877943895,-1.0083106983585375,-0.360378491128553
-4.408897391252286,0.09888784931549323,-2.965963960697881,-0.8241918853174748,0.4389083944292923,-0.5027995983284985,1.2002767803087717,0.5101653321544706,-1.6863231926656597,-0.20644956375134788,-0.6424751272056464
-8.266953091154486,-0.03766496695808998,4.715451034581575,-2.7204801624126684,-4.386303950926391,0.9918489000370038,2.8843768273936314,0.9197304762222219,0.47874386792839363,0.0014147353532476823,-1.2463517181963657
2.5840222060499687,-3.483179886379673,-3.598708576060737,-0.9790766856933791,-0.3606244739270185,0.7877015047433465,0.708689420256687,0.13478727615769567,0.5172380808667408,-1.0684211098920695,0.6429193307603132
1.018948578961959,-2.553659930381806,-2.64805045363538,-0.2446015825067825,-0.5863252769906364,1.6646372171383443,-0.5479506958161703,1.6521047404273708,-2.238208310882276,-2.5111564951302605,-0.3491636401530112
-2.4606327800884142,-2.6113044883095466,1.3282914780084365,3.6854691267776323,1.044175979167801,1.4520171263799004,-2.1407282480957806,-0.5453218862844471,0.42090118657950576,1.3716406709222617,-0.6096932551232931
3.6607492351924473,-0.1541066486696918,4.022424854660549,-1.0745892032387396,3.780859256569231,-0.5990661270854784,-0.6125026378028343,2.649002522233637,-4.042568881618764,-1.1258833531778385,0.302160397272693
0.14505058240530627,-4.219770830519821,-2.5631565435166763,-2.9315228375676465,0.4103802103287321,1.76860336919042,0.4514421249873837,-0.2268222048637632,0.528796068416306,2.6944339895416762,-0.3577904485957357
-5.829697617129273,0.36516738170373747,0.26805957592578056,-1.089633437036464,2.786193278654146,-1.9277467597568674,1.4329805970807146,0.8149734516065286,1.1041530256343515,-1.861965117905653,-0.9349239334140091
-0.34296164241182475,-3.3415303252367825,-2.3315279649893275,3.810157682090383,-1.8501233572593174,-0.08092984106600912,0.6937530691800932,-2.579785220830298,0.7583430864923043,2.8872492482869476,-0.2915883206062673
-1.6101640444693164,-3.0335902798302365,-2.4315562202802172,-0.3003640921785127,-0.41593770389855583,1.8947964423294716,0.2049904121291011,1.2899969093909796,-1.4039406498439146,-1.5344128674887914,-0.09035938687127425
-3.552985738400055,-1.342954361713153,1.6268897365376886,0.8138415967075662,1.4612887322545547,2.5080606617148193,0.3379431966640344,1.1272372167121703,-0.5412304634651627,0.5092659428942936,-0.6856091694192691
2.4763837571376737,-2.7590755747687576,2.2352055656792205,1.692269156855014,-1.2153644726679966,0.24389029874529433,0.36698572025669457,-1.809273800020384,3.0013143572647563,-0.4772643776735105,0.6222149904977742
0.7815918978835266,3.123304138470035,5.645045023783813,3.1789415931931533,4.187161700209028,-2.2650095023352983,-1.2778386436978477,3.0037047729208046,-1.5547221462182645,0.3286520974248949,-0.4181781076948076
-2.9979019852338875,0.43681674455613,-1.2281604658059824,-1.017926668159347,3.6704150497151353,-2.5506160724582836,1.0164539386627285,0.5213658550906068,1.9086997066858367,-0.2858116108870341,-0.7546236369610658
-1.371816873275155,3.1868435769833545,-0.11067093037188361,-0.6159105019775917,3.0288817680207765,2.6456794181791348,-0.8272573118839799,-1.2529880205538142,-1.6254812406538954,-0.39433415345081857,-0.5389534258929517
-6.09020073559665,4.217655132727489,4.619025361058647,-1.9174136018227674,-4.698362730829386,-1.5697923871407167,3.62195303238883,1.0658202404911346,-0.13439776955329333,-0.5726575917971942,-0.9875474649146289
-8.441692889463914,3.4448209488530948,5.257792495969707,-5.224931970750685,-4.501635114104917,1.441846132400167,0.3926053146472705,0.07350937523952703,0.4772080317881781,0.46198809827679366,-1.5741704390198992
3.101065930549946,0.28831485534048823,2.5863046951252833,-1.9022692849198959,2.8471593372158575,-4.866068118900397,0.5773890532139346,5.297115477055311,-1.4334208396464927,-3.611803703119675,0.20295210018136062
1.8018938091006105,2.9943073924981474,-0.39914518386142,3.9611458854407076,-2.081753130052641,0.24596287781085746,1.6107978936020633,0.09820375787137275,-1.649131967260538,-1.3800114802546508,0.30647380149405556
-2.9144700022042116,-2.493371372158177,0.7253156426773474,1.4412059203560381,2.2139092669916702,2.2896007385495905,-1.9383749212259689,1.033428617052023,0.8474621403625694,-0.4245641472007006,-0.7114895947474428
-3.634936706991493,6.091200584637733,5.3204357491253615,-1.9300310867247585,-4.670311786417118,-0.33575480816076314,2.258831474660539,1.3910715630230284,-0.015419696676291091,-2.1980254483385413,-0.1766274712985198
1.0107954717638468,0.03765380212659722,-1.5477930475108483,-3.1689121863297314,2.037550699567676,-0.30810674382874154,2.8413152934675026,-0.33502958812026523,1.5768030460469138,1.1857989770050428,0.06492316509776773
5.401564048842779,4.985657293297499,0.7378324475176127,0.5554125733181022,0.3768738157896718,1.6019721756416985,-0.9692523519018142,-1.2005470712833106,-0.23698727363844083,-2.330205410773945,0.8449591844889227
9.250017675865676,0.448725873682384,2.6476435044508717,1.1767912543740753,-3.2423815560747715,-1.2862856830588092,-3.367372491615584,2.62830370929792,1.5847632686075666,3.592838358564499,2.4114150615188494
7.201984386451376,-5.152740517489873,1.1863257713797541,-2.566444506590748,-1.5579080560654226,0.972155116068894,-1.7724154104211287,0.4320221878543722,-1.146126865695248,1.7138584261128977,-2.9221505835899823e-16
-5.079296100313412,0.906138907533796,1.3813633744542981,-2.065012100742955,3.53937942721955,0.6649488402072683,-0.7439455695869918,0.11383789432275139,-0.5189565709063189,1.4375301269096352,-1.2118444844254674
3.0268112725528633,1.4726981128948842,-5.813705059703126,2.2137440345572337,-2.17492778359341,-0.9816329118568738,1.2413150066301828,-0.3752093946057217,0.656591054475254,-1.3506614313400669,1.376198048391901
-4.644058370159384,-2.0219720554641385,1.8189935243541906,3.630359263615767,-0.05551108060426044,2.908037928706646,-1.811552340063009,-0.2592724282953112,0.3284941072290586,-0.22338825927859454,-0.43543172458025675
3.0727217730991465,4.705657527092572,-2.5090991198125363,-3.4701399419538586,0.24950409436062598,0.09765198405363823,-2.1722063023466154,0.4342372269967359,-2.2039295000647074,3.107364329797102,2.670219314800586
9.111167099215887,1.460484843194418,0.995682852033636,-2.513647134365862,-1.916480000319298,-0.5487217405709394,-2.069182031596232,0.438220044085941,0.4377483708888631,3.4591331298120114,-2.9221505835899823e-16
4.7896907147156655,-5.046451362431709,1.902397179199535,1.919187612746409,-2.940307073468842,-2.708024643716213,1.684609781458535,-3.661225298256871,-2.88432059903157,1.8340468889381463,1.8075384705281292
1.1229027575763129,-3.4352522081217796,-1.1430848187405613,0.299890887197027,0.4978619441141922,2.272231791070316,1.1344294671842672,-0.5162909073244148,-0.66531511613003,0.21493648471906496,0.16844486641046238
4.970473769876947,-1.4468179794080924,2.1030229763964345,-2.109270288271954,2.917275308943417,0.8138838771506525,-0.3514439427523944,-1.035234216909599,2.1060854063841514,-1.7248544961094863,1.2959687298745626
-4.255825080631567,-2.3332256166958727,-0.021165067767793283,0.190645578268366,0.7352216030085319,-0.07529665578386806,0.6745857088136467,1.1050628789318708,-0.670327402941666,-0.19325165633226268,-0.3232832148248375
-3.4873256447067686,-1.7665532296781015,-0.6727420393800293,3.1690648122950176,-1.1433632941848135,0.12368994545573786,-0.6793685982098246,0.30063893172008643,1.4139677898607124,-1.8267669209961734,-0.6165947018774727
-7.189442670303434,2.163302689223561,6.587624423628204,-4.286864908967629,-3.3377840303488706,0.5305653920845327,2.46214847973873,1.492956142365841,-0.3936339969193283,0.6358799836976273,-1.3153661857381622
3.0929176414112334,2.408806224535759,2.5025945376232266,4.641962916241188,0.5724580136494805,0.4848944428566888,-1.1834191234463538,4.329308827860857,-0.44768856833854237,0.2560859280460989,0.7895750742866307
5.538096170885923,-3.615138815366915,-1.9109888046288417,-0.5936637835567761,-1.7151869717490285,-0.23390232871654837,0.9209761007752674,1.5414232853399268,-1.2076118912378473,0.8746861515875824,-2.9221505835899823e-16
2.3761169432136198,4.016015797248551,-3.303402416699864,0.784980173642608,-1.1997735164660928,-0.5218978344132212,2.709666065983714,-1.4598195710247424,0.9271645473713984,0.09443552344884386,0.4272491196921993
-2.5115350067279105,3.179169849550715,-0.7891506119325183,1.5322839758336486,0.43671644849087593,0.12100064774721318,1.279607276427104,0.9841764198713554,-0.8278688369095618,0.8689269915285243,-0.8667721467164851
5.9792370335923275,3.74289036608484,0.34836239280131864,0.0994260216535445,1.3223428489497884,0.5348004931441711,1.9745060081433365,-2.484160104432976,0.07126896409401662,-0.028089052242713707,1.005245285354745
3.172563225607232,2.655254205669829,-0.5321483712939582,3.177814551432322,-1.7376962642495144,-0.18644815984511295,1.0086439012073416,1.5382223259043382,-2.616582580447888,-0.5572465259254745,1.3416908146210027
-3.8636521127761405,-1.1564143256472248,-1.462576598500939,0.749293818396223,1.0898586910684083,-1.8350292804433983,-0.011170920830371934,2.417083161290821,0.9514515103015531,-0.9780468599751745,-0.7977576791746886
3.194911362133774,0.36062202505160207,4.146916599692323,-0.5277155787225252,1.4273609098331828,-0.05509931597527464,1.8054443419888162,-4.795817959070116,-2.5964713330299953,-0.3946252445804664,0.3582346521504029
0.1351025025363943,-4.06261656645882,-2.6249780920008807,1.437418673023283,-1.3639559037288793,0.33509981622810125,0.7711097020665596,1.6557881934107253,0.7223910955782651,2.293588746871236,0.1856984832959115
-6.7467739261447415,1.6540082832031844,-0.23333502228785155,-0.7046376167785554,2.2444897354732536,1.513129417736688,-0.954881038110153,-0.5907472140810055,0.3844765488482461,1.89745270965559,-1.125576399998222
-2.928462890197524,0.49557614719510645,-2.066302145879741,-3.3823965257232285,1.4397141200717953,1.6999376455246726,1.2045581284283284,-1.1015223061504427,-1.8719162562703042,-0.3125049887570597,-0.5234251706960475
-1.9952529317899403,-0.6908450346508689,-2.5980687335796055,-1.935769818147189,1.1052493208136773,-2.2849298345921527,2.943705776191658,0.4986346194712684,3.083040887233046,0.14697243623112985,-0.2128600667579633
-5.353228275870627,0.11107012850663883,-0.8478197868185632,0.055873325169476004,1.585992705287385,0.36769025467490984,-0.2066925310437464,1.3400820699450278,0.17204843841585513,0.0882658469824593,-0.6856091694192691
2.3213640062763274,4.1381523489418965,1.0746131596392505,1.2338726240788689,1.4716411754597696,2.007532134614047,1.1218385835031586,-1.5521202157845764,-1.6553708042577269,-1.1712725888260762,0.037317378081049395
-3.3451115255111334,-0.055948755574622096,-3.4924649643524113,2.6037712514730726,-0.586248438445749,-0.12726087751679738,-1.124731340319203,-1.13387248244185,-1.8674104643343323,-0.22792392688386198,-0.6942359778619936
3.322434508811967,3.524962536238681,3.347273726680863,0.9469432025901685,-0.43250311440349865,1.407808626412444,-1.8277315145892197,-1.9446629267526474,-0.19028656029570645,-1.3219339193521906,0.13393763263956418
-1.4131963643285836,-0.3140355323440725,-2.3969796254386817,-1.5218333352693685,1.4710390249753238,-1.1017709693188467,0.40693207380515517,-0.8095728879950767,-2.1607511490234645,-1.650151539794116,-0.15074704597034613
-5.7508326288492695,-0.9712470452523443,-3.1112057306693375,0.3332860456458049,0.9858845086214256,0.11562941862338362,-0.5025180012113363,-0.31800440984785655,-1.9128816791521641,1.5558594854678762,-0.86849750840503
-0.1400677897839067,5.1919288056940225,-5.506677937542971,-0.6328684498657914,-0.3780282670790567,1.7148945012333392,-1.2342799421101618,-1.1749126168381,0.46838022442317995,-0.5531545100090609,1.1864082626519608
3.044429666300144,-2.1977090613611376,-3.316030639123657,-4.043298535177619,1.025704998482742,-0.939211824276496,1.6337213572274514,1.4740096350212133,0.15717427265757739,0.22508577251881495,0.34098103526495377
-5.4113770207185325,-0.4167483743448767,0.8311587490127967,5.180012561463905,0.4282159802019776,-2.6813611648734277,2.8491007555294092,-2.6948331409379622,3.005312148796719,1.76110730787465,-1.463747290953025
2.5653242119833393,-3.982944220142221,-2.369042068115919,0.031016702713293938,-0.7015926491722952,1.8768056342920247,2.0343624329865073,0.4204793035622498,-1.9084454738297223,-0.9201025722397259,0.5997852885466904
-1.9552729721703266,-0.7127659773336237,0.2841140077333996,-0.08355713541149293,2.418835567011216,1.7043232235138248,-0.718438277150805,1.35841642294043,1.0686885897537957,-1.2324750756952971,-0.6252215103201972
-0.47449862836968354,-3.99053186028335,-0.870510281867432,-0.07588919039145728,-4.057224613809537,0.30222223110731433,2.411269643407792,-2.6154048323854098,-0.29417774851740747,-1.3618277911349066,-0.038598536214926926
2.386048947892598,1.6567018705652794,-0.0002684462259766705,2.617144466407372,-2.3072212403738033,3.5048883886615334,-0.6558836157312435,-0.07269075964936503,0.32879928591345886,-2.1204442872418205,0.25471295083770795
-0.10974845468313346,-3.411160858580791,-3.031062429010581,2.3465317538763117,-2.0489200560426215,1.8552199340278388,0.5419440914380109,-1.5029774165429857,0.9270907050338264,0.4896610359844016,0.17707167485318695
-4.218479021067297,1.4684286771776625,-2.076715162433829,-1.1384574801816207,0.5488886030746383,2.490827314960954,-0.6879383025662491,0.39574867548090015,2.164548114238374,-0.3552143634752449,-0.31465640638211295
5.189206834147689,3.3983751284632273,-0.7514068127363801,1.0630315903203902,-0.2868514563257821,0.8706389099523397,0.485212793357001,0.08873662819574661,0.6996027695275114,0.0009377841016046272,0.7723214574011815
-3.745501354641268,-4.489027434573603,-1.3584548227262885,1.2450237644980229,0.6679019656173983,0.13129526793990556,-0.6005855151305043,2.3394478459436563,-0.5698983047652383,1.3436497791927091,-0.29740278949666415
-4.171403510551024,3.5322149166053647,-1.9233967372190688,-1.3084617766889288,-1.1816401916777275,-5.911203969652998,-2.327344189922222,1.0259356196124392,-0.2512646340660011,0.5512709703411612,-1.1083227831127729
6.409193693833208,3.3690417737739073,-0.9718099569900442,-1.0906260367737586,1.0581820745523782,-4.319584892393035,-0.141877655990648,2.944148426719682,-2.3977854761034076,-4.23884547731279,2.9290235680823224
-1.394975142562268,1.8332827873572295,-2.616217664799242,-0.8503516416478502,0.5691167783442063,2.8070870845520965,0.0073080285119779455,0.465522558588574,-1.431757019456651,0.629934432008733,-0.1938810881839689
-6.222261518045551,1.6562735394320325,-1.58137551726321,-2.2651733507696825,2.19946977591899,2.593205756643438,1.2626344304499528,-2.214191402425771,-1.8094875639151842,1.371472713895986,-0.8667721467164851
0.09941953264393294,-3.292389138894902,-1.7005272707498411,-1.989120526573355,-2.645385930083766,-2.8085344844183284,-4.951293012164223,-3.4438415568498275,1.6740685330551457,-1.889178253985067,-0.9530402311437306
-1.781572199945333,-0.3076585583666636,1.16886072328983,1.8857716521032313,1.504289109072124,-0.8442279826987407,1.3644228249064883,-3.423852370826408,-3.7918222997231252,-0.8711466504211728,-0.7287432116328919
7.403329717351189,-2.6570112155733048,-0.1437095903025019,-3.277679630223525,-0.27208190325741227,-4.881601732620703,-2.215156420731777,0.3990185032104697,-0.5698928709744548,0.4348121378030021,2.494456719588516
-2.231844094617412,2.514263652758336,-1.3641791886165864,-1.2932550212089662,0.6831831497777412,2.6609359970249113,0.28932417955994727,-0.3326386499163793,-0.7025056038401463,0.4577163650164109,-0.6769823609765445
10.010712326550866,-1.9396683389091844,0.6230220793216477,-0.19442997707105483,-4.452716312892687,-0.13870981508615798,-2.734720107300095,0.12386713888564864,1.3177783790482462,4.090281867352051,-2.9221505835899823e-16
-4.948079305030078,1.2052089096654743,-1.7408833899916598,-1.735203370780938,1.7073015333229768,1.7622043243193284,-0.7649034491656164,-2.879716933705254,-1.4641254071375294,0.6614834445027264,-0.7373700200756167
-1.2277838915247947,3.5662684293282316,-0.04502336779090305,1.1221849451494952,-3.2421064602861467,0.9564906661677375,-0.8030058413524109,1.0366569803199672,-2.3954608845062952,2.558698427918477,-0.26289555572576534
0.7064252965837527,-2.4021236047576386,1.6597066847638724,-0.7036738612497381,1.223986455831568,2.02992137405591,-2.5562033683760954,0.8123011648681318,1.423076055832562,-2.7847580010039525,0.12531082419683962
-3.788688546774549,0.1453321026240402,-1.9991323218235404,1.043377099396521,1.7347859732977944,-0.15500605063386005,-0.7539650058582279,0.6541420674218388,-0.743186027997955,0.3619944549767889,-0.7201164031901673
1.6217787349501993,4.434899659804049,3.368430550153576,1.9223111997973303,1.206560422819502,1.3004867973416767,0.5519356403455754,0.33735273434023155,0.8332414450945559,-0.9923114984812849,0.09943039886866595
6.48301193087644,-0.629930471767,-2.3562690373107826,0.8302840805738126,-1.9442620836769748,1.5339901531448419,-0.517144068608173,0.8365770210571585,0.13477423272841071,1.0648728058314525,-2.9221505835899823e-16
-5.234681302476909,6.218193189579115,3.1337963422859354,-2.572841420104929,-7.069339044152415,-3.636956016529921,1.423652197207818,1.646346501705544,1.0704475635650341,-2.894514033058443,-0.6942359778619936
-2.0319325582215777,-3.453064705944365,-1.5320658669899208,-0.543009298642792,0.5195933282834636,-1.6842575198603802,2.0308253316245435,0.9810942633890813,2.793073418841043,2.4804600910702628,-0.43543172458025675
-2.8653463499642213,-1.7839095349158587,-1.6385736619249334,-0.6396838324677805,0.4171928005859188,0.3463273463190344,1.1923701521570444,2.14145158412576,-1.7358778986332395,-0.1804452869813098,-0.4009244908093585
-6.061969945792624,-0.8580120913159243,2.208969378608926,-2.273610284732982,-4.972173839671166,0.05882627171441246,4.577780017470679,2.010277002295865,-0.2497396247530963,-2.2198525019720323,-0.9530402311437306
2.8327286745009688,4.117582612243808,0.9599971595560219,0.37711829570808253,0.7365313322449727,1.2081453534509052,1.6522021159143236,-0.47235361393061226,-1.2650560182255475,-0.43098254018903714,0.32372741837950464
-0.5868192193618125,1.0960050986242686,-0.6521421908164334,-2.7409967979764502,2.2481593256735537,-3.5779733133487963,-1.0943003733417174,-2.108886825218038,0.7507124493625018,-3.2299979834032673,-0.46993895835115523
2.495883776013248,1.5097659814358948,-5.514648510523037,0.9330483319071737,-1.9168480895346138,-0.9454129335326157,0.06250315752578708,1.6436797462100052,-0.6337934000926362,-2.188588638421798,1.2036618795374099
4.6538844455798465,-2.8264086405624353,2.457704265949701,2.058117378164755,0.917980509000945,0.5242961990016868,1.9453030378027398,-2.347708939413063,-1.5610361146411524,1.1296805606881941,1.0311257106829188
3.916666916270729,1.6083201853464644,-1.886826124753588,3.2241816844089177,-2.10573218718167,0.21799362647149467,-0.3742966189937677,2.1905389765722276,-1.0735624602263723,-0.446129114776044,0.34098103526495377
3.703986632547101,-3.0043295934371637,2.5427499956127755,-1.0148260217659104,2.1003578131094267,0.9143244326562203,0.04686856709536472,-0.5534680314408268,2.220146174021051,-0.9803816471372392,0.7378142236302833
-6.979230735274197,-0.05173785759516687,5.873261811160958,-2.825427599308697,-5.5282467225688166,1.3462587425335661,2.028392020075,1.3229558837743391,-0.35263191340956873,4.127236775163158,-1.5137827799208272
7.280219068931068,-4.528647344221321,1.4781277767354442,-2.944732163569322,-1.0467370747980576,0.010789857944486017,-1.1214152245297448,-0.41653315257019735,0.7625713937374975,2.4178076028062283,1.8058131088395846
-4.31351522941154,-0.7635114151678368,-2.4917023908814557,-0.38984577967804,0.6862545310274709,-0.3335942310104061,-0.1723178633029207,0.4031069361843327,-0.40179035539531477,-0.5586379873906087,-0.26289555572576534
5.172055690014546,-3.302218289764495,2.598989739155924,-0.007771353269667567,-1.5112001572989926,1.9207009118788023,-2.0371632110052174,2.137489499556291,-2.649502269889525,1.0300392251832564,-2.9221505835899823e-16
-4.671433028592325,-0.780301184138983,-0.13211322263046918,-1.0996458544788796,1.4614489241092172,0.12194405967702492,0.627786443455409,1.697240984063714,0.9037099920776398,0.0720249299055943,-0.7201164031901673
9.551917326211031,0.04022444665823019,1.2312535617885727,0.5973766388193206,-4.102894433837974,0.09131284200685758,-2.847951593001899,0.8221032478902305,1.4185379748575158,3.3352741845641813,2.842755483655077
3.6025019325678693,-4.084933433352638,-0.7866973114399977,-0.10106844287951994,0.7307226625813908,-0.48551371542715854,-0.8334350187920655,3.153315088966991,-1.9180825564819401,-2.2585863621098463,1.5832414510172907
-3.982803135997634,-3.252605004921829,-1.0861118201260989,0.30671356245437226,0.9661933366108567,-0.7764076045251995,-0.19891332498741154,3.225845127365265,0.3564422593646746,1.3982395796832086,-0.7028627863047182
4.627107982247301,4.7560020600703945,0.8607437156866456,1.0542899584626344,-0.09649693446325683,1.3904967941712432,2.2174805555712043,-1.789724092958355,0.4775959475176114,0.9076503249074764,0.9017235840420504
2.740369660499826,-3.0645437158590854,1.124012843857891,1.743710657090676,-3.433318682435566,-3.360431923147803,-1.4815032995447623,-0.9754208335607465,-4.456687942663584,0.2631231124374823,1.7212703861008838
4.387867648559395,-2.9387337622068364,2.654605445778597,1.8445075259617443,1.0546033081679664,0.36566359878172894,1.8932147703385718,-2.1732146664043936,-1.166330719641883,1.5693759550488802,0.6429193307603132
0.8924015435124695,0.06478167320220675,-5.150698681809811,2.418995084533255,-2.1356758556768676,-2.07795344724646,1.3274302389290966,0.05899560891860169,2.568976109531742,2.5208239236697745,0.08217678198321685
5.166558541475334,2.2827220701620146,-2.5350592362952193,1.576264573327773,-1.937474818058006,-1.2176779352793783,-3.3428537574160595,1.6989668533857756,-0.42497174326084325,-2.480943480233081,1.1691546457665116
-3.8735887987973414,4.306657399407697,6.236237539677329,-3.4025908697129696,-6.9653285944539665,0.7852061907706964,-0.2738407569932477,1.98244650905529,-0.6272586811765304,0.9275778608800833,-0.592439638237844
4.408380862078707,-2.4251572110040582,2.8792875463566423,1.5541301756296493,1.0117656826566246,0.5359011943345733,1.7986868902190873,-2.7540151880016115,-2.033350088279261,0.9251337016819603,0.927604009370224
2.0563886107258167,4.999865809533556,0.41689178966664325,2.1236507211473894,0.8082276278090185,2.1334445832515176,-0.009119959788875736,-1.0513512349817697,-0.1811805080050339,-0.7733239410215904,-0.004091302444028705
2.163879053268618,-0.9491426379957127,4.634523868052136,0.29414958285803305,3.4111135244919244,-1.0089991590793945,-0.7576200156295844,4.557091936587229,-2.132036424155872,-0.6834018182292352,0.25471295083770795
5.203130022388819,5.684290692545859,1.2961342310731478,0.8807806572128805,0.8677685831264915,-0.2877176525355152,-0.41231258919239044,2.9054711156974746,-1.230143754769792,-0.8629866443979128,1.6004950679027399
-4.72838213332135,-1.2560596020131076,-1.7204655702012281,0.7685791423835706,0.9594707066706974,-0.44116355590372597,-0.002672901908575603,0.576062431159093,-1.530573539006787,-0.3268598793508893,-1.8608737908054074
-1.8945089138077142,-0.7286319161929812,0.2695823302008958,-1.3667684040429477,-0.16138627518886228,-1.2631299327934473,0.8635435294070587,1.9680274433991423,2.679565295575005,0.1787091218743989,-0.3491636401530112
1.1861847417491602,-3.240748108560799,-3.652647044433124,2.153881404972158,-3.0293510180992933,0.1920335752132001,-0.0401368665875061,-0.11593349405290569,-2.587734318954815,-3.3526875525814614,0.013162314441420405
-3.722021328064865,-1.6607487447561895,0.4894449851232508,-0.4537435122076542,1.6151983701964163,2.6550437277667305,0.36866924191302847,1.869545880897794,0.7858253399875956,0.055331794256066574,-0.5389534258929517
-3.672320392302221,-1.1363792751636173,1.4088145343272722,-1.2082318395061582,1.2891908914311492,2.09612014369624,0.509019311426374,1.485047722868582,-0.03465275123184214,-0.9803746335191712,-0.7602310624488368
2.1231532813140395,3.9766907087742354,1.9270307234231587,3.390313165210419,1.5115447134397593,-4.06838555139358,0.005192788448748185,3.997976193602847,-0.8697475432454618,-0.878609268426779,0.6161762245878669
-3.1199108629927563,2.5074908701706873,0.14179951243205374,-1.5161310412166846,3.340500560605504,1.2203020584902513,-2.521069856943851,1.2256443912690942,0.8443998920594648,0.10092354186651879,-1.0393083155709764
9.461714926283722,1.05568324780457,1.278403435765273,-3.0237067267172586,-1.5173375350094072,-1.6796805177537293,-2.118726001902649,0.955510287265046,-0.03141299875087675,4.52904882607993,-2.9221505835899823e-16
1.7742612615626792,-0.5397374143358371,-3.020546789851916,-3.867704622308227,2.4406081531508663,-1.726459769045038,2.242720711706231,-0.9477799263764628,1.1786180602411054,1.157799407995152,0.06492316509776773
-0.7872252858863029,-2.4097548521074863,4.233233088578531,4.171919064576954,0.9860322332249691,1.0962033380575407,1.0947555976509125,-2.1109330558257273,1.772250305655349,0.6536824163691167,-0.43543172458025675
3.078772606927212,3.4876679021902492,3.131223000376226,2.7448002098817916,2.6812794539166456,-0.7334717841155671,-1.2620818968944971,3.816367374735396,0.8028730869286151,-0.7513624432573266,0.7757721807782715
8.739613874120153,-1.9109198221802624,0.9876197981082383,-4.970114154248449,-1.021491745640015,-3.082392297823442,-1.544843280503803,0.6995632012923585,0.10129845295146736,2.7529537383641585,2.5839512303733403
3.0353531559932203,1.361583698694,0.29680437446036945,3.56316035717499,-1.5369783883080934,3.805261007889462,-1.9278698822243625,-0.5867489818211329,-0.28009905081507924,-1.113228371898692,0.7205606067448341
-0.43770255376591666,-1.448422130895038,-2.447229265690842,1.3891530620677448,-0.5097292940732755,0.5420096637967854,-0.0005808643030168778,-0.7353356530343227,3.8935385367320077,0.21534126493456351,-0.029971727772202368
3.6516105063114157,4.327820717883229,-0.1904012588971424,-0.4074666633328306,1.0362905359290004,0.8952563549796909,-0.1341087094265859,1.3527413380973097,-1.213567221702643,-0.1917002922106217,0.32372741837950464
-3.288762469152683,2.6419889611601293,-1.6979470994710941,0.7453496840479495,0.2511398262086642,-1.2247189144887916,-0.44021836410176496,1.562723216047489,0.8297049676292784,-0.48395244594791054,-0.5216998090075026
1.1971614232947927,1.8810877663956374,-1.1786539889400411,4.493078341330025,-2.5638687205793764,1.2235812279854161,0.8413262228523128,0.2204289121643443,-1.021733185362285,-2.8972029928249925,0.297846993051331
5.547072473515832,4.110837717775648,0.3175208128498535,1.0571435441658672,0.8794601254700705,0.44001691509798596,-1.2852443929142747,4.689803990411606,-0.5622500094534901,-1.1121010747462674,1.4607407711306017
-4.033650413809013,-3.7866217721835946,-1.6928640613266568,0.27505410003265657,0.06809562552948997,1.7526323767911702,1.6603897082339405,-0.34928595828462367,2.502413404512376,2.0504143150677354,-0.6079678934347481
-2.714535801207224,-2.828846381535952,-1.6196969711140703,2.436033146832085,0.15731561078057213,-0.16801494951537907,-0.5952605928949863,2.001654322800676,0.7096603694335845,-1.2270209055152945,-0.3319100232675621
-6.294044103398402,-1.0413246095889357,-0.30300469213100834,-0.8274467555602103,0.3612806022822279,-3.3766541877677736,1.870139897458715,1.1003659713356944,-0.5768064822874083,0.8262558961459311,-0.9961742733573534
-2.4553351850342873,3.0072051885605813,-0.5870348433787774,-2.436230927310698,1.1799886852479422,1.7124875803448643,-1.3674048224762196,1.1455339719628994,-0.3958492755602476,0.5032260503902859,0.23745933395225882
1.5140544104332765,1.276000613815787,-3.695430792944812,0.020808420530544016,-1.5503051431052042,2.2546041787958497,-0.6255431634048344,1.656705476370161,-1.970075885493305,0.1975899555977453,0.46175635346309757
-1.8450143972676418,1.0752805033090225,-1.0400646285315729,-2.700917265392785,0.5857136579738709,2.843721066515103,-0.3522144122873113,-3.2977646487456487,-2.7128412469887713,-0.9719057329023005,-0.15074704597034613
-6.3182135966858874,-2.918396821999107,0.06245957304618419,-0.04008091382168962,0.3278199352740419,-1.0236832922780756,-2.275754704607745,0.13790134773360005,-0.4572801739538384,1.8954693802644178,-1.4706487377072044
3.4866272958475837,-3.04360471862517,2.60664851747441,0.28632443308123995,1.8232820158231486,2.0928378727311565,0.8743467994579682,1.0179308192300505,1.7339154848310898,-0.21995997328957673,0.5652780547757922
7.671451870373562,3.4704092120947423,0.5087613568516391,-1.244308988365331,-0.41366755695883667,-0.9090861771985179,0.04834630819014295,0.11158447069286331,0.8562862851126078,2.936821859014903,2.670219314800586
8.356619076303932,-0.9725678679871166,0.46774043701040147,0.029392346210592148,-2.9503873495465878,1.0141304296577454,-0.381313022206323,-0.533281260537519,0.7413123725416648,2.7710395482321455,2.4631759121751964
4.284597149308559,1.5881698016160197,-0.11643076737936464,2.1320536057049693,-0.6311984109025478,2.729892681867354,-0.2508505820967607,0.6890283624083937,-0.5746128129518693,-0.01425270889959328,1.1519010288810625
-1.9063174067836377,4.937314296288496,-2.3270306520228012,-1.4755461749020944,1.2876663858435498,1.4108491081363403,-2.0870335931832282,-1.5517096606208163,-1.04447137406389,1.1456353508873964,0.17707167485318695
-5.335434770882384,-2.1356240009883884,-2.2837614422988533,0.6469353394372589,0.13623889240308834,-1.0713780036194105,1.8937587826848925,-0.21143138485019924,-3.074909483489958,-1.8450704652844578,-0.5734606596638498
-5.899093467956993,0.1368355025421379,2.0795826539060864,0.9456213483884534,1.1221860169242122,2.3116843232292945,-0.25602545057933707,-0.9789684099851023,-1.7216950827220365,2.01537220128733,-1.3783418873700517
0.31069796880155526,-0.5775178994566992,-1.9409445385007902,-0.8208172445240859,0.9979988626822627,-1.1658964327408337,-0.749862437594799,-1.0647605148866448,0.31964340705169214,-3.497743255537575,-0.33363538495610706
3.584225596412048,-3.5231577666937133,1.3071677000784183,-1.1850048341663897,1.139341728160495,1.2747299309446423,0.04914478122894803,-1.469100939475497,3.0804333520507328,-2.3722289087979194,0.7550678405157324
-0.7236206228492833,-4.4144321409971825,-3.8279836373685203,0.6666186651847271,-0.19419275123489638,2.2314897166468617,0.5714794778119282,0.22229842903507221,0.5882252355816272,2.850182948970641,-0.8408917213883114
6.474745176107755,0.21742320904532425,-0.879664852086931,0.03488891956662147,-4.040947973897499,0.09691889530333257,-2.960963670959817,1.012827009790514,-0.6505616421765126,-0.1485259358496452,-2.9221505835899823e-16
1.7005181021700195,4.262809005990029,-3.45860631311035,-0.8374563185944494,0.10521683549816985,0.05629038966946479,-0.43184946218109965,0.40321406180537994,-0.08175386386772733,0.19668520377682555,0.34098103526495377
3.33445508408251,-0.3033098576500153,4.450983685986718,-0.2014222952697934,1.8008820747474124,-0.10765084356105241,2.4672990969529667,-4.882553342072177,-2.905791555065518,0.5971981920158778,0.1856984832959115
-5.945306562004619,-0.48419568289796316,-1.0558432784065348,-2.8336131729393985,1.6426858605608832,-4.883806307258868,0.7740244745876764,-0.002600793927600944,0.45533059021799827,-2.312557662882723,-1.9019891598434329
5.778918036014733,-0.9778668885332321,3.6566334861107954,-3.87636357430531,1.1845359423731363,0.7840569106594326,-2.288626744230126,2.105677936692017,-0.3964062830742938,-0.7628212499010875,1.1864082626519608
-4.275478890039783,-2.038727878745147,4.107036749010992,1.0521795074542506,-7.22117287347657,-0.27905454722512496,3.9008635383706443,0.1935145900113483,3.5223252101281566,-1.4947539158726455,-0.8926525720446588
-4.697086344938292,-3.4700681160028837,0.46951178604548566,-0.6477261531354817,0.4680954768781587,0.19717282051244084,-7.196033947191772,-2.6400825820664005,1.7821795326196668,-0.18077767854079166,-1.047935124013701
-5.304449247949253,-0.31978002180635756,-0.0894487382755645,-0.9696692392382569,2.807296627141225,-1.6582587678821197,1.0250206960505823,0.9531918772089655,0.781679282367672,0.9931734073438271,-1.0393083155709764
-5.679769520901554,-0.2693439743795283,-0.02702968457549374,-0.1390371814520045,3.398545968157486,-1.187290928640895,-0.8209870563661091,0.1763442045570243,-1.8927639902661246,1.2417149350045082,-1.1169495915554974
3.313310290026773,5.65477478945104,-0.2754869050533632,0.25858138793384017,-0.32657453754969984,1.8138915294492608,0.7926186512415141,-1.1297255231255126,-0.9626470669131817,-2.078127918869678,0.5117918424308996
3.9274229836771717,-1.4998691809931413,-3.525101370703774,-2.0179509385450016,0.20634500699042108,-2.4725010568279417,0.770778449599463,0.9925305049103913,0.34378739257190205,0.12002480374636264,1.7540522581832372
-1.8369499837380645,-2.9382703954782396,-0.6946651693774115,1.6970296896519932,0.41169579380990207,-0.7342009381156298,-0.8458770257780993,2.6827758484161386,1.0196489973957399,0.7429616565642888,-0.66835555253382
-3.495525231407693,3.0495123659941723,-1.7028516319276912,-2.3158485043793537,1.9356877926019975,0.6850309706310728,-0.06531807748462473,0.06948544858339295,-0.1972528835009745,-0.02163334093275369,-0.6079678934347481
-5.222297357560482,0.32259620888283785,-1.1509118971914187,-0.14815625421210646,0.6890928191209909,-0.5003181180381591,-1.556413099587469,1.2170609879104584,-0.2019951538785225,0.087104439688331,-0.8840257636019342
3.161226706023086,3.704536315466138,-2.2349454574263286,0.7609926861199043,-0.7597756679578933,0.028726987667621853,2.2541260766973314,-0.6575085169608866,-0.3884189823963803,-0.21689760152404713,0.7723214574011815
-3.654068403957731,-2.427659444773774,-0.8434787175624223,0.801781161936896,0.26239629288554017,2.083501762553364,0.1648036962316558,0.10890251493926605,-0.39545465153791914,-1.7672485924026176,-0.6338483187629218
-0.18486638931435104,3.306432267414825,-2.188797432318768,-3.4128490212193126,1.034991488488689,2.0062341320396446,-0.903153074978756,-0.23869904923020932,-2.404682901734858,0.6457783912583372,-0.021344919329477813
-2.013929755340123,-2.3178001708574123,-1.0395990526707393,1.8367637608770402,-0.5966852182664707,-0.8861517658024524,0.9374783018576607,0.33737252026310993,3.3600819461020657,1.3148903645784242,-0.5648338512211254
-3.1873076121892554,0.3722817187480528,6.112256982578213,-3.9750847749104157,-2.6097772102410213,1.3543053304900678,3.179585328133159,1.944541733684698,1.1713006415667329,-2.895265505243365,-0.4009244908093585
5.495131363574861,-0.84221578079977,2.4520593377153888,-2.907994447192389,3.9997039773644567,-1.3271272570124244,0.19994838323030178,-0.8075592383174388,2.07153439501643,-1.3166114906300588,1.0656329444538168
-2.114435907073331,-3.836662757541745,-3.1118648299211777,0.9476233235166169,-0.11146395241793827,-0.7008215336568309,1.3934310740407088,1.656074992141725,3.2886671350120977,1.5649103617529385,-0.24564193884031624
-0.728072972730145,-5.020592208708501,-2.037334455786708,0.6245010819605001,-1.4237320513652147,0.8410303988723659,-0.7011107309929324,-0.48810868090442433,-1.8497857314616577,-2.672347247311144,-0.004091302444028705
-4.8724576295113,-1.8292502365823533,1.1140604984202114,0.8304088850022917,3.389184842138956,2.2916976900981725,-0.9695727276732123,-0.7105617592559575,-0.8116506247509622,0.7047846371047155,-1.5137827799208272
-1.5614443847929793,0.04283993930627857,1.2719991800346822,3.2483935474006222,-0.21160448057497447,2.7071029882166235,-3.9977924874673576,1.0505421308158385,0.9757408534751754,1.5954079422100491,-0.26289555572576534
7.253892795620218,-1.3863968738552028,0.11373173289672975,0.2156555587759388,-1.2990358174040044,0.9594766498662991,-0.36835126834711734,-1.5075121552236206,2.2899165882574364,1.9481587337957618,-2.9221505835899823e-16
3.8345326257060477,-3.3879251938286816,0.6941348861440301,2.634393680426575,-0.5309705623067338,-2.400520647124829,1.2218846891270378,0.16444476148652667,-5.604876905150696,-0.7334948832937964,1.143274220438338
0.6908216551481187,-3.6812056345047344,-1.982027803955662,-0.4726403623286106,-0.18962765908038276,0.7356791399816354,-1.2603603869078837,2.6304409006786202,-0.6563066564056975,-2.5075858903636994,0.8240823080575288
4.028579476359662,0.0605575213936556,0.7123800664546656,-3.702327550130219,3.4780128965655597,0.026058655344321613,2.3102569702357547,-2.154989614614026,-0.10608900989457158,-0.26370202942306076,0.7378142236302833
7.2187655692039705,-4.054256764547963,-0.23936954048085338,-3.02773307419513,-0.7425090141934206,0.9005958783682889,-1.0434244280208513,1.422208073766635,0.27622173054982196,0.2148789234616345,2.4545491037324716
2.8451696771774073,3.5659896364066417,-2.716979679457212,0.41283472699900625,-0.5927901436627319,-1.1747145890596467,1.300477363191834,0.21910465945432064,1.2621324296419651,3.1941231272731203,0.28922018460860616
2.6646079032147254,4.4869574439504065,1.265470963909389,1.673568663303735,0.7503753284768053,1.878045889499469,1.1369075356120675,-0.2661606536060076,-1.696379410230379,-1.1121720709107539,0.1856984832959115
4.140752857968211,2.4189784580667797,0.5405342494824481,2.777966653858623,0.037509472156142094,1.497909613564422,-1.6662618896288255,3.4480071679978743,1.3403637206309,-0.10037023638941078,1.082886561339266
-7.736415998468056,1.236293634252062,0.22513745884711223,-0.944364904819346,0.23217377072343273,1.4321454936170077,-2.5068654926899243,-0.5924962704623365,1.5753170104865437,1.221828506012277,-1.298112568852713
-8.07809207886271,1.8086242443472047,6.3456044305331645,-2.335307930672044,-3.447036906991979,2.4928131867475027,3.16388949234326,0.4440065622795006,-0.10506940498296273,-0.22184919397193736,-2.0400180949270257
0.6860765731965338,0.17423826712570561,-2.3552587811404284,-2.9655756077440376,1.2830041007269362,-1.0145809948837028,0.41609034680687446,-0.28093717077904484,-2.394964098299238,-2.7960576764449807,0.1856984832959115
6.981189999661535,-2.685877310397513,2.563354170178237,-2.6819762628912494,-2.0839529804415236,-0.16778603670291703,-2.28545153603349,1.5527802213471247,-1.5003641404731245,4.756733202645301,-2.9221505835899823e-16
-6.912183670335386,-0.8752074456285107,3.8514471383371336,-0.8478199875602532,-4.562892478115288,-0.30992236919897576,4.00443372964307,1.6450113616597686,0.6376915708827959,-3.686804668945813,-1.4188878870508572
-6.018195273886542,-1.8515867512514823,4.397974847372785,0.07287676208670321,-4.905107061651546,1.8424262156491773,3.9512500361772616,3.0660843601609695,0.2556951863255456,-1.9777014853181751,-1.0048010818000779
-3.8035521447648675,-1.8943636058865645,-1.4939183782086123,0.3722081698221026,1.9733550312144676,-0.7763769988945379,-1.083233622653188,1.504141025445036,0.13229080730237053,-0.6629255268258213,-0.5216998090075026
0.06690520504647943,-4.469131155470151,-4.624127649933733,-1.6443073310080343,-2.087158712295419,-1.2466154100422575,2.795330081094491,-0.5163007795207868,1.0108479490731943,1.4164875592354167,-0.055852153100376035
-1.3329171810857632,-0.5670381443544055,-1.5038440558814659,-3.1022369850065834,1.4006325605598438,-0.04243924323793329,2.0017827837982205,0.3106906191602154,3.8308209129775457,1.7363697162990626,-0.43111832035889447
2.3436585914315504,-3.790463283590513,-4.75330738727506,-2.001718885233763,-0.496586190252938,0.9315352384894418,1.1074931199370188,-0.05386380694839038,-0.09167545745829102,-0.5636557542121218,0.686053372973936
-0.32707558123231617,4.164923455084987,-1.4073798629519316,0.44222171289909595,0.7402336431595892,-1.4821734900671164,-0.895845595236328,0.3459443749443389,-1.7484901521035832,-0.16592902807866114,-0.21976151351214257
4.744794035842793,-1.3093977123497567,2.26480128174873,-2.9500359013474093,3.7932538083598826,-0.38069330674040547,0.0455042897303722,-1.9585936043391317,3.0862054363751894,-2.0011910799182773,0.7360888619417386
-5.2708261115600825,-1.5608209383346574,0.7000095544297348,0.44429387157068134,2.5317264845716507,1.916604396512883,-1.014297893031936,1.2186760888628112,0.5621573374134065,0.9116238581329076,-0.9099061889301078
3.403494476304114,-1.038556342805037,3.4764209051770436,-1.9503431322154463,3.147901386290589,0.33631650831509086,0.5592192014418655,-0.941840320509739,1.8435113637005713,-1.4285389845137442,0.2633397592804325
-6.568680656487081,1.577089734706396,5.684470480152037,-8.01073938350387,-6.384169654575027,-3.6593627677765443,-0.28669701943714626,4.116633105583926,0.0837268600340425,1.041777360669887,-1.4706487377072044
2.0364416384448356,-0.08216067621230537,0.15208457477618734,-1.7436153913500332,0.8988227731775295,-2.7084629015306336,1.9892647018667116,-0.5065598276776933,1.4740100058013914,-2.7521680379517512,-0.43543172458025675
7.034736755390196,-1.7832222884654678,1.0515536832946526,-3.1566118038006308,1.838582801754683,-0.24154254735327726,-0.8878056590990906,-1.6861919201883364,1.3294867851367913,-0.6382295034257088,1.4710929412618716
-4.927629966860622,4.596923677403252,0.06609855929707983,-2.829361622112591,-1.7181415549195458,-0.9253418644178265,-3.845569990456774,-0.35768078059943464,1.1807741501982567,1.8416617477735369,-0.7977576791746886
-4.588034035246846,0.34894468194921224,1.4000845533510555,0.34784351455047635,3.398138046460992,-0.8448724399351747,-0.02490048204237865,-0.8162098696438597,-1.6287388098861009,1.6283097411375538,-0.6096932551232931
6.155421745754065,3.202262107284183,-0.31133715347212537,-1.7562053809900804,1.4140517919860807,0.8780247187482668,1.2109405406167129,-0.7276222903984948,0.26794179179844163,-1.4390597795374238,1.0397525191256434
-5.739200972521136,-2.3679290050630115,0.20702335698679786,2.290825978379719,2.476840760876675,-1.0679091010183062,0.28714376209552916,0.4165879789774991,-0.9267427500920117,-0.8264050247591895,-1.0393083155709764
5.51329561025065,4.274284625958634,0.8350250595841228,-1.0675116770005737,0.9218485209878153,1.3111771498212188,-1.0090601322850166,-0.48501840236693544,0.46976960586274435,-2.1552857297041794,1.0868548932229194
-1.5489102874181897,4.104280310259293,-1.8447728120014424,-0.03844345452149615,0.16897893739077383,0.6674893494744824,-3.3238295443944454,0.5773282192155554,1.0686498625859904,3.1033183978110106,-0.22838832195486714
0.18745497474987993,-0.08245725732087862,-2.311578546834089,-1.9929208913226597,2.3291329977961666,-4.237855798779582,0.682191030847586,-1.8395946630448714,1.090756506315713,-1.8530910421892224,-0.4768404051053348
2.203953161502465,0.9665905474495676,3.3612883878604265,4.619217541435105,0.9757297108152408,0.38653942759629933,0.32150068129982856,-0.27382546102173955,1.458430118947177,2.109775153407584,-0.28014917261121447
3.4637552210074043,1.8442949970187965,0.9597627301340548,3.3057195856053037,-1.4338061095953283,3.594913544356077,-1.8762849077358619,-0.5219721130152214,0.2984842431002743,-1.7863812311103242,0.16266490475383688
-7.137987848859377,0.7641452480572736,1.5801686871392695,-0.543268167408419,1.4640055868722097,0.4315969719730513,-1.083987378710657,0.320637096623033,-0.7767970101801728,2.469465032079675,-1.3671270363945098
2.250592509719565,3.725973388836748,-3.1988462497396797,0.7278126070193565,0.23693694591078177,-0.8308246161399666,2.211908890604334,-1.2122722930424894,0.3912712874431563,0.10616168796702866,0.4772846086600014
2.12882086303516,2.615471862592017,-4.085495878596635,0.9836165489105771,-1.3514292700035047,-0.7732301699688188,0.8797014940034511,0.6525808658629498,1.7003195599025884,0.9871718883300804,0.5997852885466904
-2.1192255665802686,4.444719432826439,-1.0642393084357182,0.7923890158681838,0.22338693007703186,1.490907338322629,-0.1683196659035412,-0.553348105572778,-2.3846833231459157,3.7051661745972635,-0.1593738544130707
-1.6810310076175952,-1.1224291102130441,0.4099691690674857,2.132411179171242,-0.4921030906064677,-2.3639137490306603,0.6931614172680973,-3.277066058893852,3.581486235248735,-1.1736846156709195,-0.35088900184155614
4.1123992786162455,-2.697315343693087,2.651615189932462,1.1373464628589485,0.5638241587405255,0.5905955932877969,0.7991255589965168,-3.957682894429043,-1.0922335008789257,0.22970122791058653,0.6342925223175886
-0.4894549550211666,-3.98543230421952,6.040649015994183,4.456337619019004,1.3835299175446751,1.2828980450364478,0.9071975100740248,-4.440081595675593,0.3696019281706776,2.4036064746285764,-0.46993895835115523
7.646889737275874,3.8824633361423366,0.9350745038593749,-0.997292146695792,0.41699051621159133,-0.32397030027308543,0.13281261043786416,0.05322692585697997,0.26102491094104796,0.7795977632896451,1.911060171840824
8.039534540336152,-1.1289382405184716,0.5360480650839082,-3.7931666584604957,0.5728782300743305,-0.45816715222910864,-0.3990083771245566,1.0199369017531614,0.2528783572483766,0.7618201047566071,-2.9221505835899823e-16
4.39863792690179,1.996569309321321,-0.4017849716552517,3.174198080193307,-0.43845155981703554,3.0954627372718617,-0.3116679444671191,-0.1777256215443068,-1.5323177194846611,-0.5781397203010705,1.1173937951101642
-2.123052405051946,4.895749954702278,-1.561852585656416,-1.9101286690785395,1.3062202236617522,0.45937318655037007,-2.665837062014453,-1.08772648306321,-1.3876359361921295,0.7246660111829368,0.763694648958457
6.784113196903615,0.29138168256267455,-3.3061215003072926,2.0038195004683144,-2.73690471400654,-0.6892362665706369,0.5419008643358393,0.3279270987639703,0.9455066361215233,0.054777061366042046,1.5487342172463927
-3.1634337443344642,-2.5799233392280803,-1.703013110627968,0.20343681602263639,1.591037962112426,-0.7460280775066457,-0.9048728051514621,3.2510597803575676,-0.32401279789967846,1.3440928978186746,-0.3543397252186461
-3.8948807468998847,-3.8750841141283567,0.4554202740866596,2.85394636931019,0.3981266177957739,-0.04726607981160821,-1.7446675052093954,-0.8328222296429252,-0.5471361465301179,-2.502129103706645,-0.6769823609765445
-5.196668004023668,-4.031424460474628,-1.2316829381605794,1.7230172700620676,0.5583565464188889,0.42506491573243554,-0.2636178786837122,2.0994447559334333,-0.4960439619604482,0.8462081007518417,-0.45268534146570616
1.086424545468815,-3.487687587106862,-3.3069169230502875,-1.5936749095700793,-2.2095809518371343,-0.13485246500603335,1.2491759629341204,-0.4646773187615045,-0.5402641994314361,0.11122587020027871,0.7723214574011815
0.7950445944007825,-2.127475703802429,-2.9831081967987183,0.17599358837919526,-0.05348031194957283,1.3821367336065356,-0.41369373562908157,-2.088716629560753,3.1582792229713323,1.253002968937027,0.09943039886866595
2.3586926749851407,-1.200991072998565,-1.6354693387376182,-0.09235224103055466,-1.9974052715397461,-3.65129163046343,-5.343508602500432,-4.853506844896294,1.3510526437430115,-2.6488435853445345,-0.45268534146570616
-2.3365496926801748,-1.9743379265879206,-1.227647720001732,2.3405998108733366,0.42549572448845113,-1.11224001882819,0.7019028050078819,-0.9827985290209871,2.937124383695824,0.14719519458779165,-0.26289555572576534
7.3017851942559115,3.5597480836057263,-1.289851353005372,-0.6307523743632091,-0.12262184756724506,0.3462717446404898,-1.3386301848918893,-1.8163438573273774,0.8931151896182318,-2.187401149286518,2.0663427238098664
6.5137841213411365,1.9509215952996277,-0.44076708033558865,1.4188938795483377,-1.2207560739394703,2.002760460665543,1.6432075677740778,-1.4255110830647315,1.3317897271500094,0.2745396697049142,1.0311257106829188
7.031330101166106,-3.7754484627716156,0.019192424251138627,-2.0621280857294413,-0.27084603298530674,1.1249864036315336,-0.44107614114115934,0.962061301887912,0.3714236818718814,0.01506253099661106,2.0663427238098664
4.969250797923427,-3.9818930649980504,2.848270700862896,1.6023059507600375,-1.6225722033246581,-3.8394639727912945,0.43465730644018136,-0.8693167576467026,-3.012833614531027,-1.2809020097084969,2.737508420653837
-4.55174631243279,-3.2519128276957505,-0.6084065752061967,1.3530800073011662,0.02703918140959835,-0.46734567386543047,-0.2940015908673652,2.7338237575684703,-0.26067954127081194,2.077311564728816,-0.48719257523660436
2.86624036756239,1.2335006070263081,0.15245484467667325,2.984774653861986,-0.7467874392585393,3.4715023059228027,-0.8864810389108422,2.466078428454232,1.8734395200237688,-1.3399806202068902,1.0570061360110925
-0.9186024544864101,1.4561680330189881,-3.312956636505811,3.8472120671928596,-1.3790676347793815,1.2114155064396979,0.020358474267770245,0.8213768667254279,-1.3358530024343922,-0.893432108618498,-0.14212023752762157
-4.346204004729114,-2.7862944912312275,-0.7760604980629711,1.3968250905818322,-1.0372898682406504,-0.2695694026092938,0.6054562454181981,3.884789300767574,0.51875114471804,-0.13387931500435393,-0.6424751272056464
7.071069763857181,-0.7232819225196631,2.653078892085428,-3.9970008590678563,-1.4023439978919778,-0.8241200315121181,-2.6001742373550236,1.7449416829339228,0.7610676898917728,3.869061872160875,-2.9221505835899823e-16
-3.6509605809521544,-1.086283416346933,-1.937798289246105,-0.365952832384739,1.6408228840420325,-0.5635594764741291,0.24595045358078638,0.08268577913165899,-3.366067565785255,1.2233986366840142,-1.0306815071282518
8.218528999485176,1.2101853096473782,1.4165093591445315,1.487200999437892,-2.079222790456496,-0.29326474637943906,-1.7825086109173536,3.542649763384926,0.48054938068183223,2.0573379584013423,2.92471016386096
-7.203955162090379,-0.7419117869571192,0.287920052539143,0.5703278391439113,2.038827820666491,-1.5370132854943135,-1.9521372792330325,-2.3655432335703446,-0.3187826818539336,-0.4261122229328619,-1.4361415039363064
-2.2892624370092314,0.5746183496608892,-1.431491206587857,-3.031750810184247,1.7646680840399702,-0.7981602475937674,1.7496094764322918,1.0263943732321212,-1.4641265235374297,-1.0004298003539214,-0.20250789662669347
1.0516656348728524,-2.047110268886356,-2.862388873519766,1.5965200765514453,-1.5482054936970089,0.2523900233612791,0.8081370963400595,0.03550703146218446,0.6108119275767095,0.61188355396616,-0.004091302444028705
-4.376572264174418,0.8949801979715943,7.4191393138986665,-3.7525052081438557,-10.187810145608308,-0.3984601569861085,-5.906343966838023,-1.5990189416204776,2.647907151563714,0.9447520936578228,-1.9882572442706783
-4.351431225495948,6.458839712267616,-1.7565802787754936,-1.869193760609135,-1.3670464745065931,1.2532469392504408,-1.5098918906314074,-0.0692051859281404,2.7330396792162355,0.41211342522387895,-0.5409030846010073
2.270586723661777,3.9589663300102056,-3.3345560656307507,0.16336102591571555,-0.229788950195197,-1.998430371209207,1.4336978466461163,-0.6264629721174678,0.4783358103152417,-0.5260581409885705,-0.004091302444028705
5.965942504149806,-0.1535642815835188,0.22629012169932816,-4.285513879964609,3.0690470047542484,0.38645663831599675,1.080594179831718,-1.048518632510521,-0.9156631609847778,-0.8799660869077494,1.2036618795374099
0.8099580490931397,3.330354072769119,5.462783521547876,4.934325539695387,3.4598389065778323,-4.113257546596637,-0.38204607505019866,3.4336947889398153,-2.803186046443922,0.4820129468086154,-0.3940230440551789
0.9202912541551945,-4.276345424972361,-2.766467830492181,-1.0573597134690158,-1.3481148703729144,1.6470651553286946,1.0378748845332655,1.1208884998981639,-2.992107219456691,-1.2231895193160793,2.049089106924417
0.08372315081602041,1.295462858957686,-1.7326062518874226,-2.817219281075133,3.126712305185016,-3.513352222339881,0.4123356891126766,-1.4473213537298766,1.5650913603560144,-1.0750036317442393,-0.6079678934347481
-1.2725811275182386,1.9222031692919421,-2.59079599592477,1.1602918134532958,0.21323886184248705,2.5375590949509306,-1.8485390534919293,-1.1565671664275348,0.2168061465795503,-0.4590992233767534,-0.5216998090075026
7.44276750722551,4.2470280986355435,-1.746097599782449,-1.9665652796076756,0.44773533801842524,0.10572580353283068,0.7124024084445162,-0.08409060424890916,1.3814747305785968,-0.00032581103448807214,2.8111468575209337
-1.4872323480150267,2.517017504084534,-3.384420736751557,1.181374190324727,-1.449280204082395,-0.09053304148371563,1.9891424602272263,-1.3051905140850388,1.089238470210015,2.8990566420301174,-0.40955129925208306
8.662245158880035,0.7221520524916865,-0.7567237905938066,1.3902425871823683,-2.9969375008389725,1.4020579434887313,-1.7736026977121264,-0.03775625226182763,3.341213912007127,0.14867577397392662,-2.9221505835899823e-16
-0.8277961839884941,-1.7560072159718245,2.05046838537931,2.307584837601272,1.557074613498268,2.9883423601833248,-1.8003683502927355,2.3636814785535147,0.5867429132286435,-0.2745198145699222,-0.46993895835115523
5.175968149721703,-2.4582817000662773,2.25206831146142,-2.9415918633121403,1.161822970739247,-0.5192454313413787,-0.33079186176399605,-1.0903056640268007,-1.8786478369478445,1.0471501142581057,1.650530556870542
-1.3644363763286755,-3.469866724828578,-1.4294538641168353,1.1203114691166933,1.448711910742527,-1.4674787090715429,-0.37692246328951257,1.3263200732081186,1.8847665609211588,2.6502150345825104,-0.4181781076948076
0.19921491398017477,-0.4466136517672932,-2.994278578805529,-2.815578225659051,1.5540791132865592,-3.2679151005784663,2.499471839421043,-0.981022884855835,0.5591594040024782,0.871311349917172,-0.09035938687127425
-6.217941916298142,-0.9431340052450998,6.741603330681944,-2.483845439735923,-9.368389264516201,-4.006931899277928,-3.3467247591389087,-3.2151494110502474,1.3038814512629608,-3.751168916947928,-1.5224095883635518
4.592185662253476,-1.8278425294838696,0.7186857133053824,-3.3151854980614215,-0.2709752127901148,0.9076741491762924,-1.9636076984047288,1.0259978906128544,-1.9430734933501157,-0.5943573234386413,0.7421276278516459
-6.911316642870966,2.855319845966984,0.1477339756671678,-2.670013900934613,1.2745907802806535,0.3577377271146918,-1.574433525001592,-0.7312821012403536,0.8165964562432397,0.6287459766720125,-1.5741704390198992
-1.5723399600157402,-2.115930077059041,-1.795824555389591,-0.3854823111116214,0.28909753396197696,-1.0017931094006327,2.7512458004188987,-0.48327942704459964,0.8127558079164757,-1.7521323294512294,-0.46993895835115523
1.0914559816906668,1.3122207439474054,-0.1569749111999888,3.663185440729664,-0.1093813356035355,-0.7290125529117727,1.3791533329974197,1.3981426977269864,2.284613133435168,1.1878336055099934,-0.6856091694192691
5.34633717671946,5.235686737485927,1.1332387684595404,0.33662319596148316,0.8360427905135597,1.5474438708807654,-0.02699698831653641,0.660872451317602,-1.022031594013396,-1.1144424542021212,1.2019365178488652
-3.5243648031825225,2.692848044116659,-2.0104470513291295,1.536857611309827,-1.4539469495446609,3.3461369069187015,0.19732565677742972,-1.8843294341735055,-2.2786258640568664,1.2786666592033535,0.12531082419683962
6.0095764498153885,-0.07194113127697925,-3.251513886292841,0.8177284529539034,-1.8765979610457126,-1.9195527652886675,0.3616805837502192,2.5173555709440323,1.5575890367746508,0.2989603537036869,1.5880724637452162
6.843792758272122,-1.1748136831539842,0.6106487899839271,-4.231086246064606,2.757862038988717,-1.6888121885719596,0.33782487536459743,-1.9386577609444209,1.6081882937650867,0.06875631292266578,0.9793648600265714
-3.037485690113382,-2.422006895907694,-3.0482265925599434,0.5116661692485458,-0.8039072091685153,-1.5420782097321386,-0.0204780118087596,1.6778236433481013,-0.8750081386574349,-0.6083092659893877,-0.18525427974124437
1.8798674975493677,-3.127228401854707,1.183468355889143,-0.5304660738949577,1.3313963169868064,2.5974265456826258,-0.8274890252637781,0.8091858685994107,0.5832713744274518,-2.7426738308891854,0.8068286911720798
6.908318581576458,-1.4675275759633886,-0.7410697006752366,-2.228772438601477,-0.9147373268465967,1.1492665481359183,-0.09013906658724362,0.8567441591036621,0.7914610455566917,-0.11193733309809671,-2.9221505835899823e-16
-1.1431737216695603,-0.4314969084546685,3.3051564347273885,2.623505657520802,2.7626309864843037,1.5645962413608479,-2.021830290107203,-2.111662030386141,0.7633515156091549,-1.4641297954420787,-0.3836708739239094
-1.452027727032697,5.226433404335683,-1.7754826747858572,0.03238457734418973,0.10746478453402221,1.378523720796133,-1.9171497134024829,-0.19815375281377917,-1.9473061696697747,3.3155414324905377,0.13393763263956418
-2.8671634643322794,2.1018758663144155,-2.3208117059426248,-2.1655679678768314,2.060846925118901,-0.7777859580481231,0.6568220744433204,-2.225874809291474,-2.506673657811983,-0.6612968262956826,-0.12659198233071772
3.216181408904,-2.9563563278568865,-2.788709370360215,1.5695114732867936,-1.3362240964438683,0.5175504957972534,1.1656185067370661,-2.753278918201628,0.32873263137051495,-0.7606586093999819,0.297846993051331
-1.255343283774134,-0.4719564426907266,-1.4842324473814787,-0.4167871943722346,-0.32198091945387514,3.5119852322496894,-1.5097803350872876,1.8361404265328065,0.7459296206250076,-1.4731165491230722,-0.1766274712985198
3.9129008920221207,3.435960595042802,2.782318222953071,1.9761976440793538,1.0264958180411867,1.6198796397997235,-1.3255871171335516,0.4940140371944258,1.456429232832792,-1.38338995455197,0.7205606067448341
-2.2463759369570155,-2.1410211768308147,-0.8455231517392542,-2.1330564996242845,0.7767701258559757,1.6157593477646874,1.3656563206308587,-0.9938476430179809,0.07779110788187257,1.5516399985727676,-0.5389534258929517
-2.062577687474904,-2.2811834299579257,4.062863890242662,-0.8536166786776757,-0.7705193272091513,0.8701704859020092,-6.578565566218583,-1.1301430764901084,1.1541652133189602,-1.4345544908571366,-1.0738155493418746
-5.137732542173707,-2.0010357795392166,2.8173440612014184,-0.24616863148220075,-1.496740495343786,2.2683342815990355,-7.183745692034462,-2.929426453320531,1.8914035200452968,-1.9559784221236085,-1.4879023545926535
1.9166848381338093,0.3423275075734954,-3.9492209520594908,3.2829453272283,-3.2306002220532415,-0.3252038129208493,-0.06988976551143876,-2.7175903673153257,1.0577208386291133,-2.2528124465031376,0.030415931326869514
-6.492376419035565,-1.152901907038056,-3.1402222774342174,0.5122690244894422,-0.2848863769326365,-1.9373955592983747,0.7563168198769932,1.3490299545914655,-0.28173445414031334,-0.7446718969497791,-1.1273017616867669
-5.245356830220258,5.631097678234086,1.3436639433836761,-0.8734389810703085,0.5236804963686567,-0.06922395430020986,-1.8355089939437417,0.2899693475522154,0.11183499523785928,1.786846015651326,-0.9615980251189133
-5.081093977139487,0.9783034352997518,0.9941262332734359,4.832162647531205,1.0652728314577316,-1.647518071191203,2.431727249062271,-2.253543768030328,1.3357551945224027,2.415412418500529,-1.1083227831127729
2.235437019839842,-2.5480689760720603,-1.508951209800611,-0.70092408572995,-1.006667731909457,-0.811475584389909,-0.3673122071266884,2.87573980072389,-1.5768978239103624,-0.5575431093406904,0.1667195047219177
-4.9516233784800665,-1.748094770471569,0.040705685585691646,-1.020653209630478,1.7271500245160254,0.4900615975677283,-3.4242580026736804,-1.0435811123834233,1.489287534732953,0.17052461492923168,-1.1773372506545694
3.8723767923929,-1.4682619480646861,2.982747319484158,-2.1825103510975445,3.2465103680014615,-0.10618484073361041,0.8173704117569005,-2.0364251694972753,2.3952348429146046,-1.5114028211491641,0.34098103526495377
6.356752187778345,1.5225686905552727,-0.7110551663854854,1.4622471899376275,-1.844459803405375,1.9950985146269478,1.0988963626236665,0.4513734069453275,-0.6054964933726068,-0.014973513108968016,2.9290235680823224
2.49981441782086,-2.6156585324112127,-2.6528989446127933,-1.1966915026888727,0.1963387925815305,0.061817044125704795,2.1365005508307666,-2.122179422005173,-0.021954537484726883,-0.6441895668251749,0.16844486641046238
3.0173239239121052,-3.621215350419798,3.9866087160439023,0.6307089180346372,2.148157988901473,1.407863541542959,0.09277777244252836,-0.6660756414427413,1.4020550366437547,0.11958192733824179,0.6170389054321396
-2.94584946690535,2.470601426312492,-1.8516581803430963,-4.158878186948021,0.7883595705102621,-3.6102074700260047,0.7809491932553946,-0.7322990888646461,2.8001751953629577,0.4638713579482455,-0.66835555253382
-3.2775306290954105,-1.5390668601718744,3.0139420981066496,-1.233524513540767,-7.926916347198901,-0.18015300105822113,3.3819321717136743,0.36216653109667724,1.1040091265639405,-4.933480045470824,-0.3491636401530112
1.4948965355622865,-0.35013887328391496,2.8437748353599632,-1.9156404186793317,3.639687886061816,1.4295762226297157,-0.29154626952352236,1.385132010543046,1.0262449665874223,-2.159124186089756,0.271966567723157
-5.097429572519319,1.8487760254523717,0.39701145203750277,0.30364503840793927,2.4905271563561406,1.6898252823364086,0.5031805831237086,-1.8017656453552358,-2.8466548136335796,2.0950376466439313,-0.9202583590613773
6.029447339835885,2.184697499523631,-1.5158375407615337,0.0029328646290528726,-2.933423848197711,-0.27813320582257756,-0.636813804743657,-1.657238220558724,-0.300993922726145,3.144376999010036,2.2354281692872675
3.3439943111808086,4.562787809569765,2.7215322219731775,1.1672646187603204,0.6177381536915523,1.3527813476892914,-0.6099710151992003,0.08058888595519553,1.211990581812365,-2.148099541253162,0.30647380149405556
-1.108871795759841,-3.1712795133093095,-4.011376047839092,0.268837901836822,-0.42739051076598916,-1.3736673508242114,1.7695974869173643,-0.27446805250054307,-0.8943367430508526,1.8171420146158528,-0.46993895835115523
-2.828853064955694,-4.4225030349514105,-1.332019631572877,1.4712150749635706,-1.4222893291499752,-0.9094294934621125,1.1656854474368854,0.11613665002570914,3.490409420806912,1.0720675982005794,-0.5475802343356763
5.9023087088119315,3.6684066697489546,-3.6559508825269504,-1.7923819136524777,-0.32761423301061265,-2.6532850512673543,1.4096737121778793,0.41876821449572776,1.6291249742485463,0.7190356750738761,1.5487342172463927
-4.367581825853682,-1.459935161067494,-1.4013635397520867,-0.7009688195125439,1.1775893912636497,2.9568043121619527,0.4238754528151578,0.07779786324607325,-1.1635551321259698,2.020560714810351,-0.8840257636019342
-1.3923371281742793,4.6216406198351185,-2.1155109119887645,0.2846406616614766,-0.01784049466888954,-1.9173454377460217,-1.9307328615037436,1.1572117012563352,0.409513235563767,-0.9949829643973577,-0.04722534465765148
-7.845102072815973,1.4730911521710066,6.239320274388372,-3.246411502000017,-3.7972929608767068,1.8054579076618804,2.342786091559029,-0.2309753761150576,-0.43333613973925583,0.3634172807249593,-1.4620219292644798
4.840995914827585,-0.38208484987608476,3.1987141686020406,-0.7333516490772817,2.542410203853449,-1.3968263185804675,1.125104561026542,-3.7880198940531,-2.176864135368686,-0.4093624450188171,0.6774265645312114
1.560525788152198,2.093727127622968,-4.426685278741237,1.7367497671436007,-2.5394143148555015,-0.9664444754755658,-2.1000903496726155,-0.39199716249697536,0.13516844426735797,-1.647373578747168,0.632567160629044
-2.1309125279380963,1.9471323569962722,0.693172402825702,-2.115405164944959,2.9538238998244375,0.7158592992602794,-0.7768277186819312,0.9502395687241805,-1.1041917751540715,-0.07395744061142155,-1.0048010818000779
3.0184309124126,1.9478477255593736,0.8085467811569383,3.168501048878011,-1.4843857545943149,3.4770537565962276,1.0258791798162046,0.8322029235966907,-0.750309335164575,-0.8049237707435951,0.3927418859213011
-0.16470639118751604,-3.532218666227985,-2.9500493720378405,0.7492773915991269,-0.27596866388926355,1.6454324849614106,0.5981529958216775,2.685977328038489,-1.501607168400272,1.6995814542287522,0.4703831619058221
-0.549347638222346,-2.7059553357605495,-2.82589844946569,-2.7380434028149105,-0.6772700381643986,2.4041852899183933,0.7821345242463156,-0.037635741593188124,0.9410672917846944,2.254807205685984,-0.5389534258929517
-5.308317051910469,0.4142676166771303,1.1156952206927275,-2.089777121373005,-0.3132578828494349,-1.021559173785761,-1.1958562769841383,-1.87899150371157,-3.444965035933962,2.085797683552611,-0.8710855509378473
3.882614610686307,1.1422576942132163,1.433918649245181,3.279579347795665,-2.5875720216274702,-2.6762190908632206,-5.37587070146429,-3.3074028748954127,2.735970191374786,-2.7771444845053272,0.4876367787912712
-2.6601749208263867,-2.3643978763521565,-0.7880248292454094,0.781529848490942,2.5847271191548753,-0.8174746356105798,0.9820256591787531,0.5971213056184977,2.6406707382747308,1.087224580187691,-0.6079678934347481
4.727264526518871,1.7054746686041138,-0.10551482261460284,2.217472440900404,-0.2462047530315456,2.283039756302596,1.0269174879394902,-1.145847088121714,1.272446714516909,0.49004097686883863,0.9189772009274996
6.891503640659814,-4.3503521806629,0.5341355469386329,-1.4716859097426487,-0.28295021764553085,1.0188886759635083,-0.9913342389383325,-0.5325812003995221,1.166202842545374,-0.8124298681980098,2.359654210862502
-4.006770886132334,-2.5195014832577636,-0.07464301398963201,0.7884257430814795,0.9809940594952932,3.730047174485816,0.21543765798934428,0.5177447731613931,-2.3442675409457885,1.6996740693600463,-0.6597287440910955
-0.5759078828525107,-1.7909889338988698,-4.089799066939007,0.5575936699805094,0.003741575908823783,2.0511870763315585,-0.4537620741824747,1.3068586564841311,-3.139253089765002,-1.360110408107962,-0.038598536214926926
5.631286302604434,4.3232488018829995,0.3651929090653442,0.58139331790394,0.7473849371957039,0.292898090617631,2.29046657886869,-2.8696019862967574,0.6675684820608319,0.9443401185860568,2.0145818731535186
1.4246287633068735,1.7092563241552903,-3.739449702019688,2.2236122478222122,-1.2146937068044503,-1.969423367538102,1.237025495302488,0.5698592197463848,0.9110076496954015,1.1044987280005931,0.46175635346309757
-3.161799394462425,-2.3481821288316485,-2.338787682958547,-1.238695618429555,1.1123107363312534,-1.1870339985041196,1.6452402688601262,-0.33761962451863864,-0.12414795511732889,-0.3137492988034527,-0.617457382721745
-5.1989343746922465,-0.3541752941971793,-0.3446093390961668,-1.4262686823342658,1.8051881014459101,-1.114746634009604,0.7190062163043554,0.34146702200848983,0.6565258986376163,-1.1690703409458392,-0.6303975953858322
6.707481496606386,-3.706079095605376,0.1870196747064386,-2.054315941595462,0.8153134608255057,0.7155356881949783,-0.161753133186128,0.6347689552794691,1.1436712082876446,0.6201517231174617,2.3424005939770516
0.6549958299521058,-2.2082095891179883,-2.705656931626886,-2.3683735897584044,-0.11550545238280216,-1.4650243806594958,2.50991158021802,-0.28848581782028804,2.057309743812992,-1.436181402365544,0.16844486641046238
5.180366285118843,1.030742694677325,2.0032160002832606,-3.2933934376145824,3.9076491095629793,-1.1155765205031214,-0.6474190052444531,2.89627980788239,-2.329637294637782,-2.536609773908779,1.0759851145850863
4.563209152086456,-3.2063679825765585,2.2861943569901912,1.1744502409193471,0.724773341883417,0.25606267958809176,1.2383527115698447,-4.232735046067143,-2.2022388669967086,1.9450256250234854,0.09770503718012127
1.8023732223684386,0.20663520950656505,2.9575632818430844,-2.039589284607461,4.000025928362156,0.9959415752786822,0.2422848298757189,0.2614972336756272,0.1314735414873418,-1.1757030416121828,0.13393763263956418
3.6565089366738146,-2.5079673062185,1.7088880069789596,-1.2003289520074236,2.1418627929776743,1.2119392118205208,1.138223555350979,0.6565408848613435,1.2678995492532654,-0.5467339743324605,0.9793648600265714
0.8886905323018635,3.045309125252295,-3.462004756927575,0.9870725213372317,-0.4474066031867177,1.6481345419962916,0.7571764601450962,-0.5472114577307801,1.683715660225892,0.6141412776635146,-0.08777134433845694
-0.09665636309553716,-0.3530367355766004,-2.4964555840448486,2.393850697249514,-1.5496184792842242,4.511347908376407,-0.22631739324590242,0.15053926921795793,-1.2688801735483166,1.1112199415467203,0.9189772009274996
3.4815867853184543,3.284776965555935,2.602004773070006,3.0476657550928006,1.3968565279656624,0.2226703566301916,-1.336467248599247,3.81678820727427,0.38142463189192216,-0.8572482180978661,0.6429193307603132
6.051711286218749,-0.01343268545801716,0.2064210403868428,-4.2548455889485215,3.7628874133131607,-0.08236101338337863,0.7287149604819573,0.6438957010117543,0.3469220204501063,-1.071030814048686,1.4848958347702308
7.963072257204265,-3.784296222027819,-0.5877048825856002,-3.7504108335158954,-0.9786024461535943,0.5560977742395415,-0.7383744048818741,0.8327149569786038,1.0441513321576203,0.23024534519663226,-2.9221505835899823e-16
4.338860946850737,3.3429823047172462,2.1809008358385515,1.1157013420995179,0.8905017933345356,0.4148205322571774,-3.3735926410205272,2.2325893241932215,1.7371044411119072,-1.4791305450416388,0.9362308178129486
5.25308158924877,-0.1658801730919811,2.946639574096327,-2.678597559163336,4.087837147259406,-1.5589527242081083,-1.9342186897438451,3.3808155805942337,-0.15674979797234967,-3.6046163294040516,1.3710219633262664
-6.87057837261253,1.0352278904122634,0.5963978505808496,-3.606688224581485,0.4847358021967165,0.3919950601042577,-1.9519951886294094,0.8438045257715865,0.0557730215162245,3.07832588435605,-1.2118444844254674
8.494530947181282,-1.2452695695121785,-0.6546962403894023,-0.1721790664046691,-4.641575598410543,-4.197792344809941,-1.4479115749289568,1.2530783940647152,-0.8672180348225442,3.0674379848077526,-2.9221505835899823e-16
0.8322547251005167,-1.4944045871830705,-3.190227048622866,-2.5914059668368683,1.4267458675319962,-1.5316469668466666,2.235913007779216,-1.2816292269849747,1.1810185155598862,-1.0865953493772782,0.17707167485318695
-6.393661140986515,1.5339502173688362,1.1120120409453538,-4.003220472868433,0.43904059915488314,1.0040584805527941,-1.1796486744290138,-2.2276982864291104,-3.654007966950439,3.223917609824686,-0.8495185298310359
-1.0132366790516236,-2.334288299725086,1.3808784763569248,0.8998572606889519,2.4482919182802143,3.3047313961432088,-0.7967482581259705,0.6717030495068426,1.3118664862948302,-2.574733155515959,-0.24564193884031624
-1.3278157288090642,-2.730420699010103,-0.6094279720983665,4.682762830409396,-0.9392255382277249,3.373011558917625,-0.08562882707386392,-2.2542274038801136,-4.403164635987267,-2.1619958187366644,0.16844486641046238
-4.897586632859518,-2.9816758220285857,0.15023219369739452,2.358257338939348,1.4900672482730493,-2.256102908846319,-0.060409161439442007,2.7839562726292972,-1.1486120807225109,-1.012682482570003,-1.0910691662273238
8.403559761081576,-4.19569208605729,1.2717012623974995,-2.907587496599823,-2.4023925319054076,1.0839126214368384,-1.2222005255570907,-0.4806189265214463,-1.063964066013304,2.3418514993311774,-2.9221505835899823e-16
3.467122928525172,4.509114466149279,0.07599777699505113,0.4794852894526457,0.13540873645272905,1.301003748553185,1.7730735304118155,-0.40526608623050026,1.0356199644343589,-0.7114247513060302,0.25471295083770795
0.7121722175728256,-0.9157428200874639,-2.021326026605158,2.1593839912011816,-1.5696146885843316,0.06009849186766139,-1.1564075920684909,-0.2673603974331307,-1.4379152305188891,-2.7677242020625856,0.08217678198321685
3.3304214884106838,4.139017665941062,2.2065937937877402,1.5702392653674262,1.638472952734506,0.6763682778181735,0.8547458604494154,-0.15099369730631904,2.418198480125977,0.6013460875440666,0.4272491196921993
7.126343856706025,-3.3004478803170376,3.0691572284727195,-1.4102738434576256,-1.3110632345123912,-3.9027177676271454,-0.6473841914955906,-0.9478933034640409,-3.6728893429570113,4.6679024177827095,2.582225868684795
1.6902344857192482,2.5681406592730682,-2.9874789995957705,-0.5089921457415335,-1.063351133799437,-1.0211312597534241,-0.9804010016968404,-0.8257651089651683,-3.1272556093710655,1.1947508201344905,0.34098103526495377
8.296352811405615,0.22935820873750873,1.0875298088555827,0.41381424142396256,-3.1604718330224646,-3.7503068012873424,-1.795284024798854,0.4414369375158395,-0.8878580507887935,4.214680615719902,0.25039954661634595
-8.638164301293703,-2.198616435410693,3.4620249486720165,-0.5221550000222831,-5.525145616891375,1.3595340002358214,3.8610572650313806,1.132004810238873,-0.305834436757967,-0.10393208822348834,-1.047935124013701
-3.1666963396099432,-2.9563830011536147,-1.1387817441076984,0.7594321454401397,-0.09975583975383048,1.9537160664435917,-2.0558144234556117,3.1260874818677187,1.2913876291538329,0.9396346009807434,-0.7114895947474428
-0.8069969377473819,-0.5277211364774985,-3.27721967473427,-0.5297350294469726,1.1431729419637107,-1.9477469095808309,1.8584811590834027,0.9029448148876505,-0.1206496674219698,-0.5869255550658029,-0.3836708739239094
0.3114728019868568,1.3512136707466087,-2.5208268079680485,2.6251516646792044,-2.258350120310699,-1.5512793412221806,3.063216361055015,-0.5729564300040106,1.0309572873580244,1.0643445754834246,-0.19560644987251416
-6.6776536848213555,-2.3112612353380424,10.330771252043078,-3.337687784615478,-8.290324114912737,0.818178091873355,-5.0227622303667205,-2.5229127063583268,-0.37309096588254376,1.1891185556005555,-2.2591390293722298
0.35434881846715216,2.8304648793040257,5.472286073698003,5.054499048864662,3.4015280109337507,-4.114730918489967,-0.3046466421887991,3.139169017665722,-2.8044541672657886,1.2991431310021115,-0.3319100232675621
3.1542977023824825,0.1985724119979111,3.8304046766463333,-0.9836397532475978,1.6672890645711589,-0.17087623259762483,3.082069904964716,-5.631068082914314,-2.792381527564291,1.2928020985272837,0.14670530913479643
0.01983880759905874,1.623344880075543,-1.3556732109568925,-1.9467538969442026,3.5798600515041326,-2.8509069723349727,-0.662643689040388,-0.33101709000206614,-0.30847972295001624,-1.6672433344343622,-0.7977576791746886
-1.8174744508824883,3.6562555155167393,-3.347381523088316,1.1013431952696944,0.1267519071989419,0.40600766293786494,-0.4029833751007646,-2.132462115825921,-3.423510300327988,-0.27041329717438883,1.0311257106829188
-0.2933875346602811,-2.2334147989551694,-0.05081814810907954,-1.984994355745757,2.317347983202929,-0.23723361946035745,0.8742148803434641,1.3944464626207782,2.734307131774137,-0.4260565390810869,-0.43543172458025675
-4.8256942171480715,-1.479108640058256,-0.47869121255600144,1.0999996691435605,1.520279656659292,-0.34581930399879546,1.9113258969325895,0.13446352519217103,1.3445914240765626,0.2661359262390276,-0.771877253846515
1.053162763152644,-2.84216617931876,1.1696848051518438,1.8612866151872303,2.21803798672096,2.2734054089190345,-1.3936695947338968,3.6860275297589973,0.8532326489784166,-1.0007905145961618,-0.211134705069418
-4.533448127231263,-2.2494097210830954,-0.7968256049719373,0.4936799498987686,1.5150242961303473,3.807150439627409,-2.173087332545223,2.060929515948379,-0.23169260266883565,1.554172523774517,-0.11623981219944791
0.3803849745861545,3.357413086912273,-3.712873991083485,1.6163263380793649,-0.6234155019948795,-0.5110826186232026,0.11701987418673382,-2.2395687492801435,-0.38348935373040993,-2.54521356932386,-0.7114895947474428
2.941154391882944,-3.8255790067993822,3.713411422265811,0.45725227179285294,2.1213203776564447,1.525502184650966,0.0968785131940563,-1.099069698529635,1.7318514054716736,0.026960500981339345,0.41862231124947474
-5.141357507621367,-2.4702671561566807,-0.1878119337195285,1.111312473254636,1.0645642341908195,-0.5932454530043021,-0.15373752380407707,0.11592870083184405,0.9798395563046037,-0.2828157762017838,-0.7459968285183413
4.188952623298757,1.9465515093065975,-1.8540550378336067,0.9506073729533084,-1.7765736199739015,-0.6484048129069032,1.0722157167087363,-0.3842082242880116,1.808891538419402,0.624855930913743,1.005245285354745
6.264802017077795,0.2685099032370575,-0.9228865845747267,2.182039934262743,-1.829913998196693,2.7616687791086005,-0.6535422816891551,0.02468157525887565,1.0646882167109875,-0.8990814575645614,1.8938065549553749
-0.2861532700496036,4.591760610840047,-3.7146283389001975,-1.019927240014794,-0.3518925910451388,-0.6391806501752203,0.7754986291829364,-0.8560248820607399,-2.5207281038685534,1.4903053186117075,1.100140178224715
2.3330036318378755,4.360334971934035,0.8585588920312118,0.643913488204596,1.7970854849831033,1.1054296473032994,0.7674738339132432,-0.9690084132487633,-1.0828920457469002,-1.064941582246352,0.08217678198321685
2.2148198124056915,-1.3596054280034693,2.1910725269024627,0.5630044946949717,1.443521915997452,-1.8335174599050452,-0.4176343964947036,-0.9110886700797898,-3.6118125845770668,-1.1629664954797947,0.3927418859213011
-1.2863894280224966,-2.7789467357651216,0.23421927889321648,-2.3057314399378646,-2.2145097889164553,1.9016491069953496,-4.141427006278259,-3.6690662935605918,2.2290134993218675,0.1557702936999623,-0.8667721467164851
9.385497032189715,-4.342714294285316,1.437861260593969,-2.7378364298046156,-3.2697443285111265,0.030413701878057316,-2.343256041102752,1.6990467782734273,-0.03733897645312659,3.7951938820402864,-2.9221505835899823e-16
-2.032206238741405,1.9359576802207243,-0.5244175485154297,-2.672462795289525,1.4284514709317655,0.7317170420038264,-1.333629273736093,-1.043582798258881,1.3668505109304434,-2.145016322181795,-0.5751860213523948
-3.0560811016930214,-3.451871962097944,0.3404829396315208,4.790414259218442,-1.5310118737961396,0.03142273610714186,-1.353271538133294,0.32230826975887666,-0.1666947709123062,-1.9106349330071077,-0.45268534146570616
2.176293717755075,3.2558957898394545,4.0676093363574735,3.0304101707684197,2.6687967813299713,-0.841878155097733,0.9455824436032602,-0.9403346049755172,1.0210573650015629,2.538879197122239,0.0908035904259414
-7.555753847330082,0.674506344947882,-1.4972317158796429,2.481275393343544,1.0122851467893186,-3.4396617397518545,0.8127330137078081,1.519730663714956,-1.567207425081234,1.9057611248719057,-1.0393083155709764
4.0463082407396636,4.4320986263389415,-1.6821195079358293,1.2718456780811425,0.31726522163618853,-2.0166221732592637,0.4003071976283855,-0.6043428484072358,-1.882301268865418,-2.1985281645555235,1.4779943880160509
-3.8452532929065564,-1.7978470617550617,1.6860746764576862,1.1947132820126154,-0.26996053415095156,1.496431340442855,-4.273623201086397,-1.0562894663405156,0.023697705083252318,2.1084979239531925,-1.0393083155709764
3.1868306309013215,-0.14307538061889286,-2.837349835522224,0.9537992984169055,-0.7764873145385601,-1.7410262025822811,-1.0515086547076926,0.23100106670782752,2.0544586708610746,-1.9252643034036,1.0138720937974697
-3.642422257689511,-1.0927052088167672,-3.2531717710543337,-1.6844835720110698,1.3831480414741486,1.1145709329987046,-1.988959375580174,1.9624956746920408,0.5504558830788032,2.229259341837954,-0.7822294239777842
-3.04496784679672,3.3207059040270863,-3.292487849119173,0.26934002192588097,-0.24932464155778705,-0.7262706860713696,0.639404838247898,-2.045826562217419,-1.9647584512784126,-0.21144373293377114,-0.10761300375672336
6.447026512388926,-3.3467686198077624,0.2649943820703797,-3.0868681847713284,0.3922707173209323,-0.4326933682825901,1.874383804542027,0.3917522800971787,1.2361004532524427,-1.1730976869210405,1.4969733665900453
6.192729453509842,0.03648943643145805,1.1979144207692474,-4.061601234579523,2.7179471880224435,-0.5096907608677672,1.0115448579195385,-0.0853918667034247,-0.835061160598732,-1.4638301585746392,1.1864082626519608
2.598151419019587,2.61846560711002,1.6092253217542227,-2.2232285255188313,3.15112288649944,0.526014416780285,-1.1168650122272916,0.9399809689801294,-0.5284869488803198,-0.81538027794903,0.5135172041194449
2.3634220544264437,0.5688724003278663,0.2096608828958309,-3.1456495804084796,1.7821081594969568,-1.7943359315606875,0.8109614640970882,-1.7767079951924045,2.2132852559411873,-2.273219227688777,0.013162314441420405
8.299315014802412,3.9291941194506355,-0.3960426774252306,-2.1701007507555787,-0.424282528140796,-0.9898574333913338,0.5632161287818772,0.3329413594660894,1.8285581424905133,2.8629453441324744,1.9800746393826203
1.8404589297283416,4.046455370408915,-3.094900066731712,-0.996710668325594,-1.8214303920642712,1.3805303579994141,0.8511003930964551,0.972542062338897,2.0425539511938475,0.30160763506358956,0.40136869436402567
0.34519051732037126,3.279890900086929,5.544209307850594,4.898527449802568,3.2408607599363757,-4.667794413306352,0.04554770228671474,3.3522209905050793,-2.3188373237058597,0.2355812769053109,-0.4500627916991178
6.786977014025325,3.847307916560318,1.0323805037168001,-0.38497532973257825,0.713208519837109,-1.7227276225832377,-0.9698785698114409,1.4429126559799694,0.31568419027694145,1.4267036261371693,1.376198048391901
5.598088351226744,5.198640258924478,-0.13252255659015097,0.5000748176970212,0.4634317165396612,0.5082648748967828,1.0114411927434035,-0.9023638982588904,-0.21132332076294966,0.0829319676727966,1.3416908146210027
3.312078640765167,-4.74219156877143,-2.6416050416335737,-0.16279899177445037,-0.4721454513110193,1.5665308818790753,2.0880731025216512,-3.356598775723168,-1.8425157382294233,-0.4428727048089156,2.273386126435256
8.336514671421114,-3.803972254927177,-0.4825601890196157,-3.3625458735159333,-0.8903340658854485,0.7714482362954049,-0.23765397720316245,0.7583267798082265,1.6519376140211368,0.40670051687725783,2.687472931686035
-5.673959591803204,0.9955356643981855,2.942590959464872,-2.0353666414238116,-5.548081186622539,3.8955359313840714,2.4726736755713556,2.342176199594381,1.2999475985020224,-1.5613404716457633,-0.7373700200756167
3.8722510767960356,4.4468329453480715,1.986135685404494,0.9602871628920941,1.687427841743252,0.6126201672019492,0.5511036450759892,0.013447470970474608,3.1520349212284846,-0.06430053039661111,0.16844486641046238
-7.661165878840894,2.6986259835826876,3.5649016753106917,-4.216168962685511,-5.962471878053722,-0.4116874571335924,2.5340000626264287,2.0835523084632173,-1.4101443268276637,1.2203206206411257,-1.3930074617226835
1.4904964390753568,-1.502072546473877,-2.376389682485179,-1.2835166135080718,-0.6155595207804254,0.08249234244070135,0.37968311320916526,1.422115501024055,-3.1212510247049976,-2.308836748425346,0.34098103526495377
1.781573703965838,-2.1659833422610766,1.7214486838313683,2.423889649107822,-0.8936010064187583,-2.11589919590569,1.1672215609796712,-0.6406743788807429,-4.904584487300309,-0.8973495027915533,0.32372741837950464
2.717943042952222,0.8878202943769106,-0.2833301526240187,2.897380440891751,-2.02597465982583,3.4998333396702015,0.5168025915849203,-0.16558250549900957,-0.8419733519916233,-1.4221882172133693,0.375488269035852
-4.246817722066068,-2.396517963388494,-0.5512990932442128,-1.4009636707086528,-0.613211765374058,-1.129774566003546,1.672858292989386,0.7356547905567699,2.3476007884345007,1.2254099015456386,-1.3024259730740753
8.700264791157178,-5.15228171465753,-0.06378658966826146,-2.6795950206226222,-3.2581464271682368,-2.8832689438610584,0.05492546921510528,1.176411294975965,-0.0584011976302965,3.5844303137120472,2.5839512303733403
-4.440175672942054,-2.402030822446712,-1.5431747068355013,-0.5841119751246745,0.7265320896191747,-1.6272985134452769,1.851901055779757,0.8053719853573934,2.7953935629707956,0.8625312313249769,-0.7287432116328919
-4.231620734290771,-0.7303496745608806,-2.1551088544702504,-0.6224863840755891,0.6870531143907387,-0.05768731713214191,1.0996496927473527,0.4822040745413317,-2.0133366658073815,-0.2512289640091069,-0.6079678934347481
-1.6850921532219578,-1.5596061081680823,0.805255314508225,0.7219187845075217,-2.309092228710874,-4.04383086320448,-6.036416454116703,-2.6590036847249854,1.2825995462371866,-4.214565063447485,-0.8846468938098104
-8.254242068910074,-2.7777989842634545,5.963565710153245,3.075131644821436,-6.161101217156666,-0.6046108544954008,3.379691294886771,-0.390098195718475,-0.7712811010080826,-1.011876647710998,-1.539663205249001
-5.229708299449444,0.7876915883984704,0.5575925742282776,5.230848148880636,-0.9455305089449781,-2.2292192517858003,1.0016357151948503,-0.9769462665214363,0.5827779460852285,-0.5597476353620066,-1.4188878870508572
7.996185271140471,-5.505595867868027,0.9809804222927293,-2.324547087889976,-1.7628477458162528,0.9129297866589458,-0.9042291274456822,1.8177727657215506,0.844782750045012,2.483236015881444,2.670219314800586
-2.8861254103225282,-2.062574748870095,-1.1725777177963301,-0.8846856596391098,2.5892929524037984,0.8466100124304048,1.0104361281846754,0.3054942715890483,2.5805068293383235,0.9786965682049691,-0.5225624898517749
5.928057490351961,-1.8454444728071238,2.0308370104052114,-2.908154478534114,2.327947679757341,-0.75453658665539,-1.7975302943295026,-1.2897605244085637,-0.5249793768880248,-0.33065913806719943,-0.4009244908093585
5.318310607754704,-0.1622363470349333,0.01923234512821248,-4.130697572607645,3.577540701483079,1.0105313891022758,1.3695428083251295,-0.8430474550563861,0.6680572560922973,-1.21993686495164,0.5997852885466904
-2.97372865161044,-0.7978575290949113,-2.9026300743777345,0.5655875090048598,-0.8174751775178342,-3.4821484747134224,-0.40024399790239845,0.11296634319140605,0.7715740837674939,-1.3690281359000238,-0.7459968285183413
1.4791775115988388,2.753489932639605,3.9228019284027638,4.346671559249308,3.224512862157579,-4.552384266839005,0.24032033632601613,1.2243743786747743,-1.3303284783279674,1.4337639850087103,0.06492316509776773
3.1207174912302436,-0.30040299080979027,2.1317904877989795,-3.2581748974729945,4.02944217916499,0.09768448729919826,1.1634490644571247,-0.6139891810301581,1.829249490678778,-1.1880155368786822,0.3582346521504029
-5.279555111184812,0.06267033389608395,0.9011132669672643,5.554515100619264,0.38540016042581166,-1.6169009511437207,1.852585739780429,-2.5136058090216715,1.3693077263976523,1.8278330141926975,-1.3930074617226835
-7.158093486506698,-1.3810559364220003,-0.024575343219268662,0.706943479222527,0.440431878075516,-0.4586462107249074,0.43369416345476375,1.529556534166667,-0.2715701144079893,2.1663350752239556,-0.9875474649146289
-0.37012790113648847,4.231346114625933,-1.8582701494955742,0.3804268040164025,-0.8084599559985298,2.4798211566905675,-1.1483354289349084,-0.4405479556986662,-1.74044311291448,0.4455018192494619,0.15981805796773785
5.685630254757703,-4.1776675393038385,-0.41546754513919254,-1.0799584751735989,0.056371210099747056,-2.4745955859096487,1.9244607090061923,0.644477523517657,2.1423403300437527,-1.8775970246412783,2.3406752322885076
-0.5753391129140357,0.31004610388517523,3.1389150172693756,-0.5663372573857188,4.466705273214005,1.008594863212928,0.38723630421023747,1.1466881608216495,0.5869165934800791,-1.0666455737463318,-0.26289555572576534
-4.686607117274114,-0.9598192391507587,4.953994160084121,-3.981849325967153,-7.2766254427825245,2.1973305225920594,-2.630248309215903,-2.215963829821028,1.1278384137682262,-4.252883012233379,-1.3326198026236116
2.820050486762325,-3.326445963917113,-3.936370126584757,-2.195136259442665,-2.1341118931061227,-0.7738815967231601,2.3585851553223067,1.462328769509095,-0.9840684138488985,-0.1397952404337797,1.5056001750327699
1.7944744919350402,0.7057609634776862,-2.537978946538935,-2.192467443768032,-1.3978213658129426,1.6639698615633658,1.672651508652784,-1.592165229501852,-3.495476587994834,-1.642252726252338,1.8420457042990275
4.688570950185724,0.042027669067926765,0.43077776673997437,1.7503451847057696,-1.8073286965981867,2.9197282124847206,-2.994074462072752,1.4531096682887685,1.6354795858382625,-0.6039470380705987,2.7219801654569333
0.5649169232906915,3.819247401319652,-4.377729343056472,0.008300758531034272,-0.4860574409639374,1.3074292387642952,0.5809931574716668,-0.28112722431487597,2.446812068256675,1.4607496584968134,-0.09035938687127425
-4.825685590215946,-3.302508177067046,0.5185222807206371,2.6864054879606196,2.1676415025096016,0.9200037913126464,-0.47870941564488456,2.007921125577315,0.09134427245754798,-0.46417321524247235,-0.7028627863047182
2.4196118180995048,2.1937031635364326,1.0849022690113213,3.069404712297263,0.04925120349404967,2.569271253013512,-1.1497344070876812,2.002298380541936,1.4265526103216188,-0.9356142878805951,0.5954718843253284
0.2116046056850913,3.0285953348985246,-2.4677545290653757,-1.306188500192375,-0.8417119562587771,-0.5325182784675353,-1.8088195994498975,-1.1360652570360519,-3.259996163294983,-0.37629633143397206,0.3582346521504029
-0.7715851526317621,-1.8242266685932411,-4.421342729312842,-1.2265001737494021,-0.6036630356838791,-2.319279041759102,1.509862429392549,1.9459087583026815,-1.5552054134361817,-0.11124080037876807,-0.0817325784285497
2.82915590257657,1.54104764332192,0.34078357556520306,2.648807581441566,-1.1927376899856046,3.4539902132624816,0.6580125323128393,0.41123291101196907,-0.7665600613303685,-1.4716981205398096,0.04766954821231862
-5.611878031294363,3.3636622078001794,-2.809005280105331,-1.9849725252855905,0.5965317701746784,-0.5651620215545903,0.4668926489103303,-1.9327417013295827,-2.5555651175374225,0.7606773039095113,-0.8753989551592096
-0.8522701418883311,0.20973763954383928,-2.7582171616009004,-5.1257680884953105,3.1067755663439938,0.3801952570588191,0.2746920556642053,-0.35323094623914375,-0.4370041443511983,0.010909238641614812,-0.7373700200756167
-0.0219945117193815,5.682871533148158,-1.6266569621194855,-0.4955711670919062,1.5109868244979632,0.4852535755615804,-2.3067561079985426,1.0500608659364434,-0.25804401788197395,1.5177193985732575,-0.18525427974124437
-2.0865360887338578,3.0477098299827308,-4.197681023195547,-2.5093718068435775,2.4051162034630726,1.861497447930184,-1.5953128525655236,0.1346492514216226,-0.6104714368474912,1.4687964108027944,-0.2818745342997597
-6.245800703242603,-1.796912993128056,-0.2705562480085611,0.6845228252596431,1.7353979022666026,2.863869660853288,-1.2126126066014704,1.0481404312669513,0.6889603051997661,0.5835546294186837,-0.6959613395505386
0.2889601158690583,-0.3492485369378186,-2.398600436051523,-2.556043106644367,1.9735327894069934,-3.179813139546255,3.022659716502071,-0.986773647832474,0.6548613800893998,-0.4171571403046094,-0.31465640638211295
0.8132683808036626,-1.6697699622505535,-2.7002899192485406,-2.2253568141839755,1.7332549657646004,-1.8830715541789114,2.8798801670328245,-1.3951033764653336,-2.163085466647375,0.5272878011791106,0.25471295083770795
-5.7395738401893,-1.5856731079850286,0.3885863878118885,0.31628234089233964,1.4508876135248634,3.0270470316575637,-1.2299340084570256,-0.8853869549664611,0.10342933310273329,0.7479712102545796,-0.7459968285183413
1.6542014917427195,3.766989108168451,0.08639711948377159,3.771619126300131,-1.074723740398012,-0.7349168553942897,2.6072858244399693,-1.4586582091106342,-0.6261613283675311,-0.10012157899119221,-0.029971727772202368
4.773821802808774,0.956754681129321,-1.7784644333799557,2.6387795462441486,-2.034997653475935,0.5037187258564186,-1.0216047984582455,1.3318264500532258,-0.7507924782840673,-2.3220818194455544,1.7176471265549396
5.801480364896391,-0.6657343696980875,0.7664103220066502,-3.0897892641820768,3.5337467918353744,-0.24726364856920835,1.216170556092547,0.3240301638970419,-0.34271807724375725,-1.2887696060672065,1.2899299639646553
-0.010826904017998578,-3.6530713384442306,-1.9119977088849884,0.08331725574310057,-1.8091646119277325,3.9651901765646094,0.2747080384216331,-0.39244035966693586,-4.651004828500402,-2.8965553969910127,1.4797197497045962
-7.610194329852582,3.477234344310763,2.412204176160758,-2.85481242542276,-5.327130430371697,-4.574505366619546,3.6779298262649305,1.5097522488242963,1.4327692239405667,-3.6717521631798626,-0.6079678934347481
-4.2159580926299896,3.7677688653022563,-1.421298940972112,-2.9229426070899946,-2.495566866301305,-3.6165013320361834,-2.7566402706664923,-0.6328781122373442,0.4998143101645015,-1.8043125463171636,-1.4361415039363064
4.806007534956071,2.2681223913760915,1.9315582114663288,0.21151968216476258,2.16480505296781,0.028701806589927707,-1.3996880774401466,0.28814736509855987,0.8838025913190043,-2.2749942396541813,1.2001939025434345
2.2109758577128047,0.17152144314402973,4.258546687484074,-2.3771924873907224,3.1145459833911637,0.3920779597489164,0.018421882603372804,-0.29446072289840547,0.2366410528418212,-2.7472252973943765,0.10779840305810877
-5.47356294368096,1.1255465362617176,0.7891517513899208,-0.8627939497689124,3.1395394907837435,-1.3272332859252727,-2.0764017106553876,-1.4661689482898828,-0.8052561567382468,1.4138468780352131,-0.9357866142582815
8.259413845184481,-3.898733403565665,2.130583256289915,-1.0645815552588351,-2.455203416820296,-5.047996933811799,-0.25046382228286096,3.6380018453145477,-2.2019686024391207,2.649107665301787,-2.9221505835899823e-16
1.5561651778542822,-0.21378693530762274,0.6685307060580198,-1.8039856075648815,1.4109642098547241,-1.857874966569954,2.904859783167002,-2.135690995734785,-1.0017383182667368,-1.8308885640643744,0.09943039886866595
-1.0871601694269268,-1.3066575129783486,-0.1747119858470677,-0.8138400988892113,2.4292990208593057,-1.9888032839726697,-0.5729473354609039,2.5890739876765334,0.9903524257838331,-0.6771565356442717,-0.31465640638211295
-0.9226137744427894,-1.4892035746033916,-0.432805498070917,0.7837372472179545,0.2730606064258043,3.861668640648508,1.1255370793853656,2.002514992803935,-1.196043815462706,-0.22450660635618327,-0.35088900184155614
0.9632616373262566,4.144303542012316,-0.016888721156222954,2.1112895295344085,-0.1917936346704152,-0.2911883840196181,1.7151325953582977,-0.8251214095642975,-1.7332461355015893,-1.6445945371729302,-0.038598536214926926
0.3217311100997436,-4.816944956877322,-1.714709437620937,1.9374218692105254,-2.983114385654443,3.2051022332546344,0.631673097557719,-0.18517623503831415,-3.7808881684884046,1.9281928262096526,1.5487342172463927
4.439432020591223,1.094563208743152,-0.8218112594473816,3.652040416150726,-1.5499617520336832,2.400266274443253,1.456061994269517,-1.7315008223946542,0.9352228830328216,0.6542965888029253,0.7550678405157324
-1.4076176397969589,-0.2942820652065558,-4.418166405408456,-0.22097101399088218,-0.1984184502252782,-3.5974005939108267,2.2303343875894908,1.247997203360588,0.5866741131040115,-0.9542922081920883,-0.5648338512211254
-1.5319940424271137,2.3526191231134836,-2.559128319825785,-1.857497500437549,0.35676532202849287,0.8559259019113148,1.1565705698898372,-3.230400700239401,-1.2215556888506365,0.7082695839295001,-0.012718110886753259
-4.779267098515551,-2.805525532752241,-0.2373692766426157,-0.27550184708960135,0.8868954088172963,1.3743195538354822,0.6099153460902917,0.6908404685332085,2.544413237837326,1.6764784085299276,-0.8926525720446588
0.7120711612401524,0.6341482583843668,-2.8100487690729583,3.6922828124557894,-3.5300002052339634,-1.9231141885347514,0.19066732734969086,-1.5431918627382262,-2.1309466208862187,-1.6839550275890498,-0.3250085765133825
1.441895274057447,4.0396716208265,2.9989797506671065,1.8877970292040305,2.766156277493171,0.9340232007672223,-0.26679976553661383,0.21039847281047452,1.2809374509795377,-1.0059501691805357,0.06319780340922306
2.600923459106058,0.387017911185456,-2.722221917134575,-2.076981030457419,0.2900150579058055,3.1246053357740746,-2.089104077053039,0.21266972662177813,-1.621940929392525,-3.808605335455121,1.6867631523299855
4.370452945425751,-0.36378725979757703,3.28762585288542,-0.34584504012361933,2.184099331149162,-1.181760346468596,1.663470901832606,-4.428713012630206,-1.5531375292317051,-0.19299417785090375,0.5566512463330676
2.5329539906265457,-2.207200377862584,4.443467324885135,0.46483191877209773,2.583968968126729,-1.5137439624077043,0.4762924485669296,3.4857664284529175,0.1427028037245892,-0.2872381805336901,0.25471295083770795
4.6373797548484745,2.561822358360172,-0.5429132810929636,2.184278967897874,-1.5849783509715063,1.8722367211164561,-0.14463717273054277,2.2434453053019188,1.431893942270338,1.1662263327507791,0.7705960957126369
6.935079862933111,-1.8178954413838548,2.5696835960855746,-4.5679128492203755,1.2895047368758916,-2.0506803665068705,-1.397116346200683,0.9483967549382988,2.471973071790184,2.0690244848450363,2.549443996602442
-4.966869957864533,-3.5098014112401326,-0.5458185613713644,2.060401997594136,1.6853654333413643,-0.4779473533637056,-0.6756466322207303,1.863966965823534,0.9761456084476818,-1.010954174982104,-1.2636053350818148
1.5109627272122481,2.702916255073483,3.2951280044385163,0.7239128990829886,3.2843851336541507,-0.6429506430814719,0.4409185548019062,-2.7174010956439463,1.2060948155749578,0.5298449633130614,-0.6942359778619936
-3.3046423405463505,2.8987036637831065,-2.1088493850981322,-3.11848306210509,0.6669118810416904,1.5393877915273462,-0.8287785752564133,-1.4673020605505684,-1.6972048055169167,-0.6355188304478155,-1.1273017616867669
-5.511509621598354,-2.5239460789246912,-1.7906362849033355,0.7086028589426486,0.0921863830175802,0.02484238853654313,-0.6354258731109109,1.8045553573239472,0.9997394181348295,-1.0938343421367098,-0.8150112960601377
4.672737268321716,-2.0029941587192512,-2.884567883668972,0.6721932544285097,-1.4243435653937349,0.9089324644764403,-1.279627190471233,1.4338005595770484,-1.3419621000890252,-0.2658042007233364,2.5839512303733403
-4.434546870826412,5.202194262519255,4.711804470851876,-1.032647229457988,-4.36165772049764,2.370784479636259,3.623551681635877,0.8595711584180996,1.4424699816914601,0.2111997698647927,-0.7459968285183413
-5.8327426991689535,1.3673898880603406,4.9394845908909355,-4.118919700305084,-4.125290670098459,1.9073196303514055,3.253957696795822,0.8901450848988317,-0.04148613344166501,-0.3277195476189655,-1.6173044812335222
-3.9645050924943814,-1.9055508077260073,1.0270691924171427,4.268893416423452,0.8798809457195974,1.9049859815233903,-1.6906902339031902,0.004440245188703258,1.2050392225201227,0.5346296754364898,-0.6424751272056464
-6.064048766350612,-2.4297025752161807,-2.1115262685074927,-0.4582544740534735,-1.911697168497793,1.9870513024200926,1.2608879195660174,-0.3905061117207623,-3.2478169425596968,0.9044643284495052,-0.9012793804873833
-5.392505678122497,0.38178176775354855,0.5276204969032579,2.471389010398117,1.0829316210840139,0.1148726473667173,-0.33558500247806783,1.6517813677559523,-0.8950959106640992,0.8831644695727648,-0.8667721467164851
3.561602838497905,3.6707866744629696,2.3617232650338615,0.851704804848736,-0.1689681554160929,1.586450907935477,-0.06458850513978509,-1.05381050238336,-0.19767394419905157,-0.03298346300355612,0.16050820264315618
5.183536296413331,4.7705685211198,0.1417477196104753,0.032586907960204345,-0.12486506399240822,1.1801053870722482,2.2813977926442384,-2.5555567505754646,1.3494048798369715,0.6508629831461784,1.0311257106829188
-0.3598710008155704,-3.920181116463675,6.378746649351927,4.297230580882589,0.44934296015686787,1.4191383513237508,1.1967449088598763,-4.315367194989772,0.42296683353577397,2.161190256029029,-0.5216998090075026
10.315815639909795,-1.717276565405593,1.3421935960521587,-1.1552141665720561,-3.1694122651471797,-0.735371466370693,-2.9133776664766757,0.8140989234581084,2.2127956676122778,2.922589670868583,-2.9221505835899823e-16
-5.176283228977991,1.7807891973225702,0.2517788558432611,-1.7612290768502505,2.074229937986112,2.8892840163151248,0.14120502241450036,-1.0786635693704498,-1.5675866098940765,1.8998173217275514,-0.9185329973728323
1.2042952199566859,2.630229058943628,-4.993005553111572,-1.5567795963235143,-0.42575846441556053,1.235758757424284,-0.9325833210767294,0.2603881165106938,-0.9075597737390275,0.5889992395647254,1.1173937951101642
-4.37313181856117,0.9171483741308392,-1.2319062269735859,1.2642929278991277,1.2195462508812605,-1.5648012107527864,-0.746208359235112,3.5442859264821727,0.05479239716763448,-1.2067609773190202,-1.0738155493418746
6.9910067128369695,-0.34097340006598637,3.2343181470497284,0.998007811793127,-6.38359065831332,0.20873355429590434,-3.79042064704157,0.7119947261871905,0.1280034474381323,12.33505361893401,-0.1766274712985198
-2.990723822433267,-3.560147543064197,-2.8221054134990826,0.7369915707459507,-0.5279823878423037,0.09133010687715236,0.06774697292279092,-0.4377066199411631,-2.8707262533510325,0.21750081557602854,-0.45268534146570616
5.536285054775733,2.6092664177187026,2.4288985095135267,3.7505304975908764,-0.0698642740072311,-0.28964136858698597,0.11773227802897264,4.207095109351321,2.201719857816039,-0.05974012955978444,1.6080003912479102
-3.2506502835839703,2.0788960328484047,-0.31479228689852456,-1.1705455397231264,2.8724446879811887,-1.3772179902722865,-0.13213466466667037,0.24770814994504164,-0.08078491070964726,-1.1071024115144346,-0.6079678934347481
1.0505048208991792,0.09636105999091586,-3.300752007643783,-1.6119703101439846,0.051368264862490416,-2.263593271259389,1.601834641989459,0.8757830020509705,-3.015152349614587,-2.2131722376897405,1.5918682594600153
-0.29447299984227704,-2.3967474833496207,-3.1942173112790777,-0.40600423649078704,0.4776221406883674,-4.483530015946317,1.3580351744124393,-1.5720812501518284,2.7116625564594514,-1.1391515379219905,-0.7805040622892395
3.420045804399004,3.5221511919818265,2.332513919814391,2.793972592713951,1.40960627932459,-0.45905943698349055,-1.2334031839241306,4.528353344957911,0.785027739780361,-0.6912112483893371,0.9741887749609363
-4.075354606025748,-3.23918877468262,-1.9690235627689168,-0.46123234212550435,0.38022626898661244,-1.3477418190938362,1.4475330685358718,0.7292014143610712,2.695921488273311,1.1803377908421548,-0.6079678934347481
3.213195384024999,4.32780475374179,2.5449511261471707,1.4722147057539803,1.9364887594172646,1.3944017358489749,-0.12361836209283676,0.6884596146660348,0.9073167808036264,-0.42505016427554715,0.34098103526495377
-3.8712695347939983,6.446778249126399,3.7163830421907695,-1.7697040540592968,-7.19241300371545,-3.3824728399018573,-0.18904651494753805,0.2694054966443221,0.12427684399325152,-1.713296120931167,-0.8322649129455868
4.100014912563052,-1.7678919880944448,2.2574993995574273,1.9279116871196886,-1.8530271919191843,1.7488468936308499,-1.3447651384187633,-0.9752343560756979,0.90271831256496,-0.46204675176186527,0.297846993051331
4.367789102715445,-4.215113342753369,-0.16165869385794832,-0.19147721913745216,0.015509372837939621,3.170199529214811,0.5064867767609421,-1.6304663413504585,-0.5131743538307997,-1.0236128999654495,1.7557776198717818
-0.5977161497363876,0.1473925725441395,-3.5646915553919176,-0.9687444939029495,-0.713591418718393,-0.3843616769761432,-1.5763088311986733,-0.14483995458442506,-2.285961444573306,-2.4133262825300825,0.03904273976959407
-4.401659582503317,2.935694214873272,-0.5483741716413955,0.857256666394189,2.0842372481414158,0.12898505983567662,-2.5581729652822105,-0.4069986107397646,1.07877796956849,2.014078438124592,-0.771877253846515
-4.9011124757539415,-0.6553051356575404,1.670012919976602,-1.2852517904938199,1.4535845036573931,0.9391452432832128,-4.02856820795756,-2.2451783870563804,0.3010861451889695,-0.5903981023545781,-0.8063844876174132
3.131270229567117,-0.23333282727913685,3.6021828147670485,-1.8725297695187388,3.3994890072888673,0.7952559560458394,-0.5864443897199513,-2.464697605452587,-2.1702074379455674,-2.055575727001311,0.4079078151636104
-6.665897826510124,0.7921102353467192,1.0906685528857702,-2.2728921011214167,1.4195283932739533,0.919378753923185,-0.3188904225052759,-0.48156701576239663,-0.18794123852326414,1.0156929921438238,-1.4361415039363064
2.6443007240910346,2.0380827687086653,1.3125425118312959,4.05680417264557,-1.5870391779182802,2.8453644012848285,0.10679298259075629,-0.3723977346368246,-1.3056604069369502,2.2012385656512485,0.23918469564080408
1.766316472298031,-1.8976656963007301,-2.3068134529949593,-1.6494178800840908,-0.512253634700687,-0.4265535073777697,2.712580952170272,-0.7471293202192918,-0.8643609598429373,-0.8550983329347952,0.21848035537826505
-2.8018534976968237,1.5507134514768346,5.7216470298705815,-5.5213003519122825,-2.0785948988171508,0.9395893648461565,3.8687513511126803,2.7371061400994976,2.107072359836293,-3.700010138020514,-1.479275546149929
3.2133636370586673,-0.4362346240361369,-4.803529731982947,3.375236784160434,-3.558571471039795,0.5174755951078176,1.0318914552545333,-0.9437188541634617,0.1180014475577996,-0.9788379392928532,0.5135172041194449
2.3893052857269934,4.375088277908139,2.8353955526818995,1.9085412361673972,2.2370292023398095,1.0508087952469887,-0.33496920810306313,0.7450973303874825,1.0081076491443923,-0.475468960194825,0.22020571706680972
3.671747075497186,-3.8273350549613863,-0.9917420706453328,0.06228295185842703,0.1137812988650011,-1.6679050463975118,1.705620141483206,0.7712456441497885,0.4757449859208097,-1.053670022756947,0.40136869436402567
-4.036499332127267,0.08082516203526108,-0.9125367716319863,-0.09094644065102807,1.7190869970227745,3.1395376087652895,-0.8708851041565848,-1.8918931968464994,-1.4399283950327397,1.1450947212379883,-0.6769823609765445
-1.190674998838416,-2.1181918673808116,-0.993320556034078,3.94083269489518,-1.9825261510514294,-1.596683659123207,1.69031826450341,-0.9396503173483227,-2.3849872775055743,-1.4031094330620593,-0.6252215103201972
0.41524444179398345,-4.399774335086937,0.8163950332087816,3.435425904733521,-1.888847414561813,2.244769616008256,0.6165408575781451,-2.426577971198403,-1.586750967487647,0.2246269919163743,-0.0817325784285497
-5.383674068803967,-2.9169684491859815,-1.5801200019710582,0.8063215757156464,-0.5297111291373663,-1.0866530125713016,-1.334456812466159,0.5982688881529696,0.8587384690885603,-1.0113909274671036,-0.7805040622892395
-7.0193518439900835,4.321551965399745,1.2891578847861762,-0.5928005048192945,-0.15763514056184283,0.8717664064429909,-1.5622962945843837,-1.346016232826382,2.0163306347157652,0.9136021756579782,-1.5914240559053483
3.9058922150501685,-0.3118545453242469,3.04972464378832,-2.3964446659586063,3.6566029073774353,-0.1610802420726999,0.38392568899295937,-1.8065652702611867,1.824583483489562,-2.0822601196247255,0.1615434196562831
-3.1352594319884175,-2.30715462494069,0.4747953888049469,0.9459802696069514,1.6216516454240728,2.8765760561053453,-0.6269440087359998,2.9018001654819012,0.0038677075697680146,0.6933803774729357,-0.6942359778619936
5.812226748004509,4.675394058818486,1.1240491733635516,0.22118556120898333,1.546900479056583,-0.321743104236496,-0.5746040935648824,2.7823858103821912,-1.308982536784178,-0.7066138740370791,1.4107052821627992
5.025527147402484,2.961839844613007,-0.18960751028366113,0.7301996110528368,0.38141980358819516,1.5110271821032348,1.2606811118068038,-0.6270506810512073,1.8126676214213828,0.6775759456527379,1.0570061360110925
-7.568274658783209,-1.5211699177526194,0.2974547461536781,-0.5937808177010623,-0.8297889545883032,-1.2902653255890602,-3.6771685716101503,-0.16913021867253156,-0.5868669909812296,2.04771627978524,-1.55691682213445
-4.323358377733609,-3.1435721773765457,2.2299410412940817,4.693412812206519,-0.029046216802434643,0.5334905095085886,-0.11625144162110697,0.1887961488982867,-0.6563688751045884,1.0186721481911842,-0.7805040622892395
-1.8475448809710808,3.0866301442176773,-3.1331691033259195,0.6828467117851078,-0.5144767390736837,2.583051351158651,0.598315157055569,-0.5276283619987553,-0.17111717895524112,0.467370445781364,0.8499627333857025
1.5401772401211784,4.286392315513469,-0.35146512705633,1.8582357509131626,0.8642763497872374,2.30083994578154,0.602016916157802,-0.9555224417854907,-1.052783344990859,-1.3578664500436766,0.13393763263956418
-2.687715515358172,0.9224085855014682,-0.9229395095917724,-0.6723278722553978,2.500717013462227,-0.9686018446236503,-1.837119775497631,1.3611656128130911,0.5590249400745384,-0.5814165634101005,-0.07310576998582514
3.267377022922784,1.5786541431296541,3.142161585280058,-1.6373922551723339,4.306040864037788,-0.9299940907482551,0.1376904884483588,2.868352263658738,-3.622415817365898,-1.151365348229841,0.09943039886866595
4.5327455501594685,5.780605837082957,1.5127951751558628,0.3781720877170383,0.2823387231912417,0.7146265285162867,-1.9871184576224872,-0.8392389952133913,-1.1553027870043695,-0.7530505875406275,1.8027937258846307
0.7481197332880228,-3.0213599990159454,-1.828664127650634,-1.031880757988116,1.3589916126016437,-1.100730755957436,1.9473801582608607,-1.384025550260959,0.8074216374817944,0.4719815630802579,-0.0403238979034716
0.7538976143639834,-0.18853990914895552,3.7949051447176125,6.790629472443888,1.501265784079568,-3.388460384197942,0.13127455772385632,2.3359565916335665,-0.20296971028365834,2.775226895208662,-0.1766274712985198
-4.661201477574077,3.464654358968812,-4.441738991073283,-3.2867990166617647,-1.221971538456205,-1.2566348490977406,-2.6838385641270968,-1.351733766953652,-1.7462711589017152,1.0712499235773894,-0.590714276549299
8.490285394980667,-3.4483763988544154,1.3847896503740487,-3.309434479269282,-2.895399487825733,-0.2976758089643597,-2.651823918022005,1.106281897482414,0.2219513123406155,4.851168424857256,-2.9221505835899823e-16
-2.9193954195568144,4.033856434801915,1.9335915173184313,-0.17421912373087303,-0.17761139240055454,1.0987236164039393,-2.427909971422165,-1.7376226678439106,0.8721856100499006,0.027841146401539212,-0.7287432116328919
8.213382964239338,-0.5475945364488884,-2.298531485641336,0.10550705284590127,-3.725680018752501,-1.7627741169726932,-0.8561752062458025,0.8099044659105341,0.42657076620003265,-0.08383952496364161,-2.9221505835899823e-16
6.975240630712733,2.9734672614534152,-2.114063806483448,0.03642650210823559,-0.5543961499946879,0.36072085340977567,1.139447029987108,-0.24597040890261232,2.438457315404129,-0.6327462392872802,2.0663427238098664
-5.295308356964372,-3.437850486668249,1.6032791995911724,0.11742702323626096,-2.3476283638634494,-3.760154395077921,-8.730174079791981,-2.290347350465608,0.3345986716234735,-3.759487243215265,-1.5224095883635518
-5.1580611513948496,-2.6328783434410274,-1.9151927525640986,1.4031919308783913,0.45527333132642117,-0.6034305531921246,0.023630198076905858,2.170212198710713,-0.28597464186497107,0.2739495551340597,-0.7805040622892395
2.777292179469609,4.509988204008501,3.748219234599161,2.7001869132051426,2.9079382390461617,-0.8455758218184278,-0.9827907700510758,3.4344233812238487,0.06192524701669387,-0.2095910891248007,0.2805933761658816
-4.324693307074901,-2.0059160560212512,0.3470620240711344,-0.886596764797468,1.288708134439849,1.5904251606914432,0.2745463728850884,-0.3341993621185313,3.143664666739966,2.0168189689195914,-1.022054698685527
5.25131230134669,1.9272402454156785,0.7808762414064567,3.8094794668195218,-0.41562831063186756,1.5896126677678009,-0.8427141350669568,4.193392751955291,-1.353707896840117,-0.43232790817450945,1.4224032344111337
-4.238339776135865,2.757819788000183,0.0576442869456995,1.9414766404340258,2.810666289678675,1.6927979080840567,-1.666177198328329,1.6053415715274073,0.9936894314586799,2.012589874956095,-1.0393083155709764
-1.633231857975826,-1.6244567709182822,6.001840159278265,-2.532184284100004,-3.7146791502811123,1.5709809554768899,4.411684247620835,2.3633945670114755,2.1138844009144906,-0.2979800175735083,-0.5044461921220534
-6.001382101675042,3.4940092125653535,-0.7327770934974883,-1.030606614556717,0.971197859672337,0.15007066370441427,-1.2580526648822783,-0.024970900373032158,-0.4983736239456922,2.439896304536888,-0.9357866142582815
-0.2208623720982696,0.36907943328647536,-3.204704562922892,3.7737028061803533,-2.1953212458106948,-0.7030908861308868,0.7526823590533999,0.9336557189188585,4.10742843273987,0.9357923076179971,-0.0403238979034716
5.539604947818457,0.9910357071316951,-1.6076769571045921,2.1255689855919964,-2.4671819340589556,-0.8517063884521147,1.6588766825352363,1.4793949491181302,0.9295306067975839,0.861233605599236,1.1346474119956134
-5.6247323438148475,1.7706709715216413,-1.0142577324234774,2.2659285432454306,-0.8144206381922193,1.3075625044838541,-2.314722797795634,0.7434462106398145,0.8840082738180214,2.145013638690613,-1.1497314636378506
1.8570350882066218,3.617846813776812,-0.06895161600386894,3.4330381725804417,-1.206004211604049,-1.3211806736102494,3.133236710922983,-2.7176099527166397,0.20221719299828747,0.035443267219365686,-0.10933836544526862
-7.304321188787951,0.48668420630060066,-1.7615817364874342,-2.36708310157365,2.0060138229215942,-1.09121168771267,0.4049633872800296,-3.5626479396844757,-2.845295101788602,0.45408228545809964,-0.9875474649146289
3.9167468860484673,0.5627095253356476,4.989511632318862,-2.475408450394452,3.406657092672663,-1.8062634057026088,-1.0043251847029926,3.8856209420640995,-1.0191163140610053,-1.5517792504054442,1.3862051461854616
3.0901303261301947,-3.9765135371246094,3.6506350286788436,0.6232167434924545,0.2223723418817541,0.9344367126227846,0.06426024699110024,0.443843615681974,0.020761144752606417,0.6480175095148178,0.8585895418284271
-2.9068795870148056,-0.8123032518108616,2.676536248898375,0.07097931061042188,2.817930542287127,1.690654774378025,0.5092755270478124,0.6239133621076366,1.2098070738491857,-1.081708334486853,-0.7632504454037904
-3.825271859661539,2.6048901558279405,-3.1408449945831185,-2.295445451636765,1.5662627974873125,1.659537577820979,0.25434607797057585,-0.3101122834606891,-1.5637083944487227,1.041558811539373,-0.5303266174502271
7.149538773005607,4.0323571062130075,-0.07645950088249012,-1.2309412430849838,0.245654359993349,-0.18032345254114476,-0.9846634022439056,-0.8660634380372474,2.6695398874542904,0.15072073830692465,1.8938065549553749
2.653566931986446,-0.6644111889228899,4.483889920348417,-1.6360488355445288,2.39806108092923,0.9942584999480563,2.070784119280717,-3.608840745850977,-1.2181742910439008,-0.24634965343970003,-0.1784391010714919
2.4668857743203247,-0.7646101481284265,5.2848544980940035,-0.8558507893406933,4.076189856158652,-1.1582614814811332,-0.11785641503890827,3.995444461698617,-1.6155222674737717,-1.7891592361533648,0.6567222242686723
-4.776508518175713,-0.27038024997814175,-0.5917507694799263,-0.9054131309356311,1.8990518972638526,-2.7290811274766122,1.7505428660532236,-0.9223241670829355,-3.6059765137105053,-0.321103203042575,-0.7977576791746886
-1.8319334191700078,0.46184660500321184,-0.9740557280856318,4.667462655614308,-0.32322132730705216,-1.4627545999805422,0.6815754217919545,-0.7719978818852451,-0.936152427301807,-0.6435034823261194,-0.4009244908093585
-4.916458823055824,1.3356793868049077,1.1122458429178792,-2.1577605357307,0.623327241146572,1.1437336700823488,-1.504899721709987,-0.36336825488060687,-0.6372904019791577,2.2840177300726996,-0.9185329973728323
0.7922753857318269,-3.09360180183941,-3.1556507754970093,-1.5267029849109242,0.0694482415566298,2.668676446798997,0.6467647790665658,-0.7695619457771009,-0.7784094230989433,-0.8703025200541366,-0.21976151351214257
-6.357340264615518,4.051305240400167,5.257699936630697,-4.664138623601241,-4.261112325837483,1.4723389231511899,2.792922271578806,1.6195290040053514,1.0596617862245754,-0.994794741577869,-1.539663205249001
3.7244886819393486,1.439162559055995,1.5544698419086775,3.3173141504981936,-0.12266907246843534,1.6717699066161495,0.4947643320726222,0.25625428957714225,3.6934507241705345,1.2756588909223563,0.6601729476457623
-1.687098936167385,-1.8483847307576409,0.4133466606834515,3.513306679660771,-0.18288453201476623,3.490655735245502,-0.41105676831334886,-2.0430780390966863,-1.9470247289163314,-0.12014667818155604,-0.24564193884031624
-1.1053930054201482,2.711917722846595,-1.110605370677722,2.6347785414902285,-2.4488586645936024,0.47654428000558613,-1.9068662169029997,-1.888671069437518,0.4971847200729185,-5.091168200117048,0.25471295083770795
0.33232527043367827,4.313069415351304,2.8030707861377357,2.2708264916503196,0.7891345322257133,0.1523181465905465,-0.912180990317988,1.3593468702682652,1.5845704916342187,-0.08227351911262853,-0.04722534465765148
-3.7059361502241903,-3.5386621947410086,-1.271785926439556,1.100722730989567,2.075942667250216,-1.5129459961912208,-1.031636484527254,3.028815023565531,0.1690135541615146,0.7681544672804158,-0.6511019356483709
-0.36679191613264783,-2.7602613143382757,-1.4527650460212664,3.3316580782783545,0.5259897426330097,-1.85474849584572,0.8749970973076728,-1.9310387405579053,3.046427917396531,-0.1771074741712447,-0.005816664132573382
3.337683368895449,4.726093845290433,1.7027767261511169,0.6848569001913816,1.9722165241420309,1.3087028816715174,-0.9344773886051152,1.5366448718949923,1.795935483108258,-1.8619583316592225,0.453129545020373
-4.702321550726763,2.8278329195735403,0.7681900870300618,-1.6889246879637512,2.510693499194854,-0.5566475473200346,-0.6923794380968797,-1.19612423052171,0.2802359282979126,0.2850955178260974,-1.3326198026236116
-0.37338641486551843,-2.919477508393344,-1.1397614590274456,1.049946455697285,-2.214553395440931,1.5439228680439523,-0.09321316694524104,-0.8954753880167705,0.23568317182219814,1.4572333091526668,0.11668401575411506
-1.6096612977754683,-2.8810505400716524,-3.626370033205586,-1.088809023374483,0.6803207441898586,-1.1631480702056707,2.559169246600073,-1.0502830460144867,0.71427003866831,1.6370517728287899,-0.04722534465765148
2.717563818802107,4.52649482914659,1.8636483395486332,1.0424368638322605,0.3689756623034247,2.0837526586582142,0.8259158181484134,0.07989923187428717,-0.6464786564014763,-0.4728514994236053,0.06492316509776773
0.688802684095148,-0.5936477565741864,0.23417316315539638,2.808502304199463,-1.1418019117326237,-1.3219561520233523,0.07101812047454176,-0.4853736609786155,-3.8630770819899314,-0.8349541747964415,1.1864082626519608
-5.642547492848342,1.6405922290061246,2.854474680283535,-3.073872692885943,1.7439462893553348,0.5278834065943022,-0.4071568302011227,1.0442458823743777,-0.5824272494435881,3.347227195434151,-1.0393083155709764
-7.797289197790862,-0.39576331490028566,6.549346128500519,-2.1751000463207752,-5.3544440718761726,3.0259919923709298,1.151044976819854,-0.29914348656727496,0.6756246482677989,-0.3438895311714278,-1.479275546149929
1.269936225101749,0.356819237694884,-2.283190620837076,-0.7761358143985828,-0.30535807517082264,3.688357174925615,-1.026203617475763,-0.055706700353282436,-2.8039278951336573,-2.46760730045824,1.2381691133083081
3.033136622020647,-3.028406006135406,-0.987830782385568,0.572957503697867,-0.5713585615106728,-2.8221719896180084,1.0020284028071633,-0.9952894393284297,1.8039380752452188,-1.4551473414815919,0.08217678198321685
0.3868167302366604,3.7607590801119457,0.6274668661043619,2.4090993545454626,-0.13328692170946937,-0.9526461625595543,1.9832801222596923,-0.03944101694761428,-1.346182712700756,-0.5953917961757418,0.06492316509776773
-3.1625368732914465,-3.888024646215149,-1.0863517111302026,2.3579157384640133,-0.13826670024171844,-1.4098526171178363,-1.2579229608153275,-1.8579183352791768,3.535176874542125,-1.1659406185661132,-0.7114895947474428
-5.24724968423624,-3.5631792077286715,1.5648257703852813,0.5831091574426402,0.12574976092433338,-1.8478575632839873,-6.79162074986404,-3.089252512443948,1.3141706316862352,-2.8532973422484145,-1.041033677259521
-4.565843912597617,-1.8482810861010222,2.4034145788513483,0.9570322632136247,-2.1916075613148043,-4.623248253193911,-9.761854732440742,-5.645120245835152,0.5809817655966208,-3.0232139717197257,-1.384380653279959
-3.0524001619152674,5.073339902280639,-3.436432296422354,0.3781771481287351,-1.8492544715386603,0.8717351731245577,-0.6500550042629679,-1.6749143010089855,-0.49824589082629706,1.2531974705298299,0.5152425658079895
6.174210377545912,3.1952262143955648,1.058107400103422,1.2769797623833994,-1.3402823335565,-4.1181611305195265,-1.023364942771835,2.460054208806133,-2.630209006682108,-1.7963457836177723,2.298869718575064
0.7905989422520127,-0.5028785000978263,-2.0978853936601123,-3.2440235668697794,0.21545256091253442,-2.144813408723287,1.9119242340196796,-0.574008548029662,0.07514585583775546,-0.217559956999814,-0.35088900184155614
-4.2868143867740764,0.113780616059001,-2.4592579021850254,0.026494448873549,-1.0350038175611416,-0.43074512738918314,-2.8154098186964034,1.5867521235724023,0.5664314444141281,0.6239072626373319,-0.5389534258929517
4.977189824361261,3.3456576108755534,-1.4064489557559205,1.1576864701728107,0.020861946732074685,1.3468027117917813,-1.9256497629422875,0.25961857770014474,-1.016797287898815,-1.8742761109523849,0.9966184769120205
4.478714769447907,-4.237269108941528,2.252362999416124,1.1474108375248822,-1.57390771630021,1.0899015373951304,1.5880131872275638,-3.8550039151085196,-2.0534168869997673,0.712128509499781,1.1173937951101642
0.610932619494571,0.6517308652096663,-4.6253123217275,-1.9889003211333098,-1.4302866239785308,-2.6734935079235926,-0.11130412942319022,-0.44649265563137797,-1.6539113249806354,-3.7130858936532682,0.9448576262556732
8.592959519370403,1.2360768705067149,1.689385749942495,-2.533364042720096,-1.070360757684317,-1.6841243978552283,-2.534007177595962,1.1224429949418597,0.5406157391051014,4.917172360343932,-2.9221505835899823e-16
4.160218002834549,1.8270826324236924,-0.9288469245066893,2.514571117720591,-1.1898329579172358,2.988084804021318,0.5399954115142213,-0.37142073353755956,0.10759262773964656,-0.17699788183755294,1.2726763470792062
-2.474265876167311,-4.296526375663383,-3.818233594729473,-0.8643636310649595,-0.9981685233232561,0.1153120497891371,1.207674541731726,-0.9575508780166043,0.20793993767042493,0.6427732944875443,-0.22838832195486714
-5.096470339877774,-1.036765659952933,-0.05571560321055491,0.5537283476894068,2.083548089852749,-0.6360206007636704,-0.09477565331463098,0.6546619706546677,0.28942010036024773,-0.9143871873075426,-1.0393083155709764
3.1676049909672592,-4.5279376378222125,-0.1466053847020662,3.1537543878383016,-2.800616594835969,-1.9401381846856052,1.134462390674216,0.24985620693166097,-5.278160063568279,-0.7581314415556801,2.652965697915137
5.759345685973858,0.3735391853104907,-1.2665992871928764,1.7903398301543476,-1.1481471446613918,2.069659208941628,0.6833782772637774,0.8367335054136457,-0.19627220225973369,0.37281357104123836,1.7385240029863327
-1.4757342548625374,-3.166489106534739,-3.760420279020792,-1.3544253084412738,-0.45050163659447234,-0.7612372307588975,2.5351331436063704,1.0114242153807953,-0.2303064409572981,1.111420584391263,-0.1766274712985198
-5.298512849161217,-1.2933637065102548,0.926021835613404,0.1189529534022112,0.8866334991603821,0.0444512909244583,0.8103381864790044,1.8353524397287533,-0.4528604537741494,-0.7743762321072458,-0.8667721467164851
-9.51689218718177,2.406956169117788,4.919803360030067,-4.120816186579529,-3.7997238689724977,0.22812049371992615,2.1698001497617887,0.22468134777420828,0.41230343816944537,0.024990268771776764,-2.2832940930118584
5.316079805110189,1.607504531207698,-0.2755543275571541,2.653487871941619,-0.6226840501123463,3.0305672328354634,1.6518154756827463,-0.9397519059344341,0.8985494127837016,1.3096982841432827,1.1519010288810625
2.1014877417902964,0.4634189997577814,-1.8183034744791544,4.272828804434108,-2.705639072272908,-0.034146361110849136,1.8438709129459,-0.4077269862537351,-0.12385343871846742,-1.1249057603043227,0.34098103526495377
-8.854441633726083,1.5179914285717686,6.2467864194108715,-2.973203126170581,-4.108502456388879,-0.04690504621983839,2.1462055835820695,2.8703864330363067,1.0959051707362584,-1.2861538325522708,-2.3350549436682058
8.682274403698313,-4.276976502347217,0.1853073106680965,-4.015210649218152,-1.7779087682524821,0.5561115063085282,-2.3687860896214006,0.6946857529439707,0.5524520232198677,0.34366293910562323,2.4976831459460946
1.9167070952205822,-0.8505465206669534,-0.595413729892061,-2.70838187786937,1.6703474932118363,2.256944336609616,-1.4455903270006987,2.7234331623680754,0.6220764783803386,-2.293036184727371,0.5566512463330676
2.713101619283511,-3.5118821513648086,-3.7170154084036056,-0.6253959099516403,-2.0612069624954867,-0.8589742850520754,2.5227762253046464,0.2852032399597966,-1.3169493386667395,-1.842147055116237,0.7723214574011815
-4.750457299984909,1.7940507375004746,-1.306120706936706,-1.137082400243116,1.5379934340612242,-1.8784032811410447,-0.7411426571817782,0.7976628064669219,-1.8028811543941436,0.1793096523095437,-0.31465640638211295
-1.1109064880415571,-4.086817498735563,-3.7244558189243246,-0.6358982667441392,-1.600529208396561,1.9374115061429384,0.9855472418521695,0.6308461453130305,-2.6333617610487763,-2.641613061405721,0.6429193307603132
1.3676664770558045,3.513188951018852,-4.165086574260649,1.3480632188453907,-0.5988698256524164,-3.189552089593948,3.1332660638829233,-1.1533208566492552,1.2907627459738298,-0.649818754201617,-0.211134705069418
1.7077145792853605,2.779642534030449,3.189386177192187,0.6976359367859607,3.2677539909437274,-0.7302607420109496,0.48524260087897875,-2.8029649129347582,1.1190619821317023,0.6379617801789681,-0.6942359778619936
3.0408790793470803,-1.9941212017846177,-3.988090788861384,-1.9788945274015846,-2.912734136332882,-2.0969673027396563,0.6067693793991292,2.6227186712815214,-3.0171830721468935,0.7261477293018791,1.2726763470792062
-7.341944303429038,1.0534881212431706,4.79697737314625,-0.9980403488881656,-4.526796503222065,0.19704040552974955,3.4620761571445082,3.5059441788766255,-0.7655400273876247,-0.5587383612757393,-1.5741704390198992
-9.468364985067574,1.2312719640610834,4.955752068401606,-2.6971516266312325,-4.829038034531251,-3.7852878543094337,3.1468397144540527,-0.258771061664997,-0.7276816347098876,-0.9112553657944281,-1.9882572442706783
2.803763819242098,-0.8780740802850185,-3.010711785106968,-2.2318894835113845,0.6916251155907325,-0.4027131064836041,1.3942065887334565,0.0607019933125863,-2.0965134465262967,-0.10993538301844841,0.9966184769120205
8.5995878496919,-1.3667052989609254,0.102995558916484,-0.3430053835263561,-2.3252620393226615,0.5243726286338544,-0.5447397831211309,0.8049061743441275,1.604069227731283,1.982940835625113,2.6809855717371063
3.186476140280661,4.4857574860725435,1.4974195029385269,0.8827563924969843,1.4679515643783039,1.2062359974398051,0.3212933636853962,-0.3973193123502013,-1.5601064019440907,0.4338872908863579,0.3582346521504029
-0.5572996123380878,-1.6439561853106057,-3.008278546756899,-1.3676396204373136,1.2712577918319135,1.9004212375733707,0.7701608904866777,-0.14112028137082394,0.811791516037411,-0.14450314052725116,-0.12486662064217247
1.497055081519617,1.834130186421634,0.8898840444599428,4.123379452626971,-0.18880207064969212,3.0398736113492593,-0.8148006799704341,0.835087223718957,1.2482625336626874,-1.4219603398318166,0.7033069898593851
5.567521765319009,-5.458902914889142,2.2937059274693268,1.2019274975842922,-3.7494778320254976,-3.666511877031315,0.508535336308909,-3.102545695664812,-2.834129555677489,3.1160398090531634,-2.9221505835899823e-16
-3.0025870702483277,1.2431726631167503,-0.9902182342874496,1.9120535529044451,0.04105499194490186,1.4827525490857678,-2.482086198316219,0.5184536093729721,1.0392894332251343,2.7989137642468247,-0.46993895835115523
-8.33337781384344,0.3196080674039319,-2.580328145112253,-0.4144357450314175,0.9917631194291414,-1.106677303387641,-0.3488526708928645,-0.9472901611447159,0.6015862636728714,-0.21284712713369067,-1.4188878870508572
-4.421913930230688,4.729829431791132e-05,-2.9324817666628955,-1.8910087034194059,-1.1390043936053476,2.837768756981327,-1.1891844567977892,-0.24361614473319892,-1.8280233317850072,2.2228966189793695,-0.6424751272056464
-2.2329761239356674,-3.017256203692308,-0.7016008668918482,-0.4357165257015698,1.9029515558090169,2.0821022789782475,-0.2764143528799858,1.2465775226700497,3.1819603267296164,0.49138389477876465,-0.4371570862688017
-5.370543055207025,3.5906890219882333,4.013469068846991,0.08557737745944569,-5.635087363660297,-3.166877659103654,7.036113285430836,-2.0209389672872033,3.096915996595121,-0.37777754782996664,-1.3585002279517853
-3.2217374802581467,-3.843650768185965,0.0022547460292841187,4.485656231355991,0.218562434287499,-1.328740662764214,-1.650998262306795,1.0650975062330388,0.48694546808006767,0.7053566025784387,-0.5734606596638498
-7.178874398480339,3.5171572192770775,4.189183208273161,-4.649815527083714,-4.049762961556641,1.8949101003729993,1.706883942723355,2.9261492299210654,0.153429098969537,-0.42572337520120085,-1.2722321435245394
-3.8128008373961997,4.4289954193624705,-1.7270044542881056,0.21670779143536925,-0.5433043733672612,2.290445349219125,0.7983648605188776,-0.9583398499883183,-1.746781313035214,2.405182755588076,-0.3664172570384603
-1.1165711680641404,-0.8062380064268131,-1.473004795046494,1.8812586045099242,-1.1491014536011146,-1.9919559008919074,1.2167459655430664,0.5176027685486763,3.2331299339443067,0.23934044945134472,0.08045142029467217
3.86572738005653,2.8546306858824573,0.12301949124588912,3.141434014317561,-2.133446635949769,3.633087964380004,0.42060544617841156,0.0661138036026808,-1.58994005417084,-0.008231277437051793,0.7982018827293552
6.36358733714685,2.1392703267738473,0.0572809308695909,0.3916112754464108,-1.3839356631070374,1.6860150791266606,0.9261968761372296,-2.158784672249609,1.7927879077726219,-1.1696923606831626,0.9017235840420504
-2.1496875626999064,1.4689893308496988,-0.43669307766634,3.3031995741009172,-1.571532851981699,0.16620574230617868,2.8083759890227884,0.430657053890582,2.2818809952895576,0.9894680595475572,-0.14643364174898416
5.340513716143457,-2.851746525043375,-0.19520551870047378,-1.8227282595980496,1.0232137152826293,1.2612616297655301,0.7815710551684161,1.2697784930003326,1.3959681395250239,-0.6347412683512211,0.8585895418284271
-2.407330971707385,-1.1751690789747777,-1.463720923156068,-0.4944897811404733,2.8098385860339725,-0.6706676242452919,-0.6020799499986975,2.0671776519275396,0.03383058706325003,-0.9040067805814885,-0.33622342748892436
-7.831016181516482,-0.06397644713689482,-2.104110609188799,1.5114245885980042,0.4446817968654729,0.15611259997078428,0.05580596723749167,-0.3185965837131301,0.21862745957687305,0.8455409098336233,-0.7287432116328919
0.12704049131983755,0.9508236784132466,-2.4770079251987713,3.2142821516142113,-1.294817390199288,3.626742744428343,-0.2899017856634031,1.4920585105225919,0.39975047100234024,-0.22622365809041056,0.1667195047219177
5.336766054980631,2.44934353734921,0.38036013341325126,-0.2408605975909366,-0.5698217956821918,-0.38702351518134553,0.322298497657348,-1.9937593300330816,1.917135112766617,0.17590294525304298,2.273386126435256
2.405281075671729,4.646948312230141,-2.2768625526857575,-3.2339347937045906,0.05660519430050565,0.896110326057808,-1.949281697099477,-0.29340615605494885,-3.0960030837381343,2.048061825211235,-2.9221505835899823e-16
-1.999393567622768,-1.6194347129757625,-2.37981687302953,-1.919560066389733,-0.27398184072555076,2.359113490581189,0.026584904876594873,2.3033006197600905,-1.2123119118027894,-0.2563403606266007,-0.004091302444028705
6.237149881897774,0.043132873271553664,-3.5356370034907574,2.1991032018034713,-3.240006349497216,-0.6482918603548831,0.7543691960868947,-0.5894025513247495,0.3121759784627801,0.884701485184393,2.842755483655077
-6.458076319433168,3.6654521807098748,3.385520743742579,-5.903071706893602,-6.158697048820152,-2.8303136911621753,1.1441136839445576,1.6127096422406442,0.014642814956928991,-0.9874942068288838,-0.9530402311437306
-5.060237722369557,-2.010917670996555,0.21481741087016612,-0.013022268198687063,1.4300666402497026,2.245350323887264,0.2758505385993779,2.5415038718494034,0.8908198196717645,0.9582799603519612,-1.0565619324564255
3.3882750197279723,-3.0255146062909435,-0.22397541470597446,-0.3596078155813987,-1.6004094986034292,3.6039856250014943,-1.0940298022749313,1.8359406127314923,-4.00046394151865,0.45101821648530077,2.525288932962813
6.681110604404779,-3.8527781830542627,-0.9934328691612343,-2.4621077762921106,-0.6120233433323304,0.4851866591082471,-0.1632488579211818,0.5242061001461885,1.5726975546223803,-0.1748997221598885,1.7212703861008838
-1.9899185890867996,-3.923051887827977,-2.0429097595370536,-0.6518237063219449,0.8006351414525962,-0.8653934547986206,2.050049756158389,0.6763247901252016,3.0337459478026467,1.2845978865691878,-0.48719257523660436
5.779933205263177,-3.453280570736751,1.0443311841231542,-0.30079966246109296,2.2228719362587293,0.955177876834899,-0.1344399517594518,2.2185263972939677,1.2730574228968268,-1.914913358858962,1.9442216234946574
1.5075765418638576,-3.1831959313354456,3.473559902946937,1.7143748520057094,0.8373558078834599,-0.2133689192182693,-0.4611736302316456,-1.991177774982216,0.5962047338148099,1.756832730459969,-0.10761300375672336
6.293247224798667,-0.21079695539891172,0.4761425728013648,-3.9706574101481573,3.7813425453156837,-0.501187403527378,1.7465727754428746,-0.7245681741021187,0.6800366556471775,-0.47066474704827305,1.376198048391901
-3.5533135789379577,1.0291088019655472,-0.9015391359633051,-0.3642807101455192,2.801710284266804,0.46810724341984955,-0.30423831511020155,0.6136425013527274,-2.411543719779755,0.3546814148988328,-0.8167366577486826
-1.8885737253846984,-1.5785260469056894,-0.1835077121246397,0.233772765515231,0.0011798107195094506,2.2384134305623955,0.3896939814513719,1.0222555180264739,-2.75672987615114,-0.32972957250391194,-0.28014917261121447
-1.2131593637194644,0.835288377798222,-2.4710215085282066,4.950623060732439,-1.0052673929571392,-0.7733781646955971,0.10312614552809832,-0.416245348354476,-1.9812565348170295,-0.26693532423569083,-0.26289555572576534
-8.94854512014286,-0.10105905634985574,2.6823159241952785,-0.44254532509443895,0.5351208504651993,0.5075716367246068,-3.8347361922111287,-0.4255702780480476,-0.6763583088831325,4.059176785239623,-1.9019891598434329
-8.246205951893804,0.10066534439064985,0.22037727156729112,0.012572257271083765,2.166241676122946,-1.1275502038554246,0.5307746640372161,0.394693247410131,-0.6701979162675168,1.4022566319725187,-1.55691682213445
-5.000479707982827,-1.8742057805946135,-0.0714437792890582,0.7056352201853104,1.3190078561161063,-1.9431957808741773,2.1703419811414166,0.33005893602795,1.9917525108793512,0.19798585207258906,-1.2118444844254674
-1.823320444900524,-3.3161192279088842,-1.2766973497687624,1.9720314180543002,-0.01908346933037239,0.5932105822998309,-0.6611602913840969,-1.693021958521957,3.5769611284991214,1.2807492232596804,-0.6511019356483709
0.7157675565070474,-2.306991147205676,-2.936979628164702,-0.05862887448478664,0.12242718841755668,0.3998861372174786,2.738646260220361,-0.915977258714931,-0.28065034295771984,0.40789466678506714,-0.1938810881839689
-1.1987523415538885,4.5404529738955635,-1.8078533999343327,-1.6552715017337383,1.190812366479465,-2.7562579470525077,-0.37450968976368365,-2.43254304010958,4.064410555548638,3.6698130532419118,-0.7891308707319641
-0.2606732765705564,-3.688252288116977,6.2822101371131485,3.778406180755005,0.8144227713131207,1.0253450689604002,1.0637740866963907,-4.415592503424338,0.6727349582856688,1.4770853592800028,-0.66835555253382
1.3238666230012777,-4.2102777184980225,-0.9841383136748121,0.19417273907820554,-2.104523048012145,-1.4712287254655898,2.432747899071608,0.6866728332760978,-1.643572243111122,-0.43353635204706203,0.16844486641046238
-6.818960554952762,1.5518602123481593,2.1172921053831266,-3.2202316728987013,1.240793387928818,-1.4552494638899687,-4.285429399262377,0.7040646954289866,-0.3060641230707706,1.0738588460829794,-1.6259312896762468
-4.245257996299789,0.37027328846504404,0.625143009987166,-0.7468594388121397,2.7598265803925557,-0.6687292642423337,1.01857333477786,0.6910386120534926,0.3388044758922207,-2.051127554226297,-1.0738155493418746
-1.7062649417546165,-2.7132624005423605,-2.523276034348184,1.1277571857819229,0.2542266567849359,0.039952081387429283,0.40267336752504124,2.5254871118329043,-0.471206252622453,-0.8362168678732129,-0.22838832195486714
4.421790543701459,2.872906897380196,-0.38354647183841817,1.9575671092468838,-1.639945857337368,2.1756110721024813,1.4418505334214693,-1.2933055176282213,0.16224146291801456,-0.007343199443286008,0.9448576262556732
-0.4329079669323651,-2.931294769465829,-2.5660763638332917,1.1425383658521557,-0.18380662061393885,-0.4185682177558041,-1.030099968749382,0.1647276722522527,0.8739968338110924,-2.943159058636525,0.30647380149405556
-6.350498978845413,1.3509591755582833,2.6170617247774373,-1.4402762907517423,2.783026008144026,-0.03166702476230114,-3.557976976532888,-0.852264995271406,-1.1910835440467205,3.4486984036735104,-1.6776921403325942
-5.530815752087131,-1.037153818272913,1.1334211907655347,5.5352459658294215,-0.31825890307843735,-1.7579218529102565,0.3937326957161272,-0.19034125386980738,-0.1778625213851614,0.23567250408544171,-1.3671270363945098
1.7465673264321324,0.9298794444881107,5.985210213254994,5.455679746494294,2.756003159158588,-2.0160852539388343,-1.073573309199151,1.1076046810870595,0.2118620260402773,1.8283383597069456,0.06031644938935269
-3.793974238457318,1.7101381057084948,0.18522692572741323,3.505354491814579,0.6937805099738528,-1.6699960048258102,4.143326690046471,-4.522231908466512,0.2942542845232995,2.4746214561318984,-1.3067393772954377
3.7706585490004723,3.0734232165319204,-0.5750049278930179,2.3030051193140606,-1.0100217608124407,2.99955160142821,-0.571437292769281,0.7845493153664954,-0.36434005776746686,-0.1527250572729554,0.686053372973936
-3.9569415925386164,-2.872407326594944,-0.8517521164557432,-0.35962623596871185,1.11465762811182,2.465542450809353,-1.010034306225236,0.3267594407016608,1.7098780536899132,-0.7799607071737563,-0.7114895947474428
-0.17492502778857297,-1.816741411598004,-2.9603909011276373,2.821365371949087,-0.7976954317254479,-1.281642771090178,1.213514323008632,-3.077696149706935,0.7206827878964892,-1.6018090404957057,-0.3836708739239094
3.8120472226531175,1.9494383904328487,-3.410078039459715,1.194056402758595,-1.042848813051533,0.15119237841932667,1.04969581677695,-1.1806143720079625,2.8589093897897686,-1.1638570816253337,0.7033069898593851
1.0436040824928459,-1.46365777862716,1.2088974102022485,0.9973879560503499,2.8393990603135775,1.888822518704452,-0.8614505405621353,4.111044323516393,0.8041832889833823,-0.8331670267476259,-0.1938810881839689
2.0551097541372925,-2.0036962434577985,-2.9623122595431135,1.6378233507934872,-1.4752459194808087,-1.7462240593936955,2.00703812737073,-3.0230276180108397,0.43988798259741085,-0.7905295392612922,0.4772846086600014
-4.112721237871644,1.4133608362397487,-0.6026041116347725,4.272491052983724,0.24100979928122376,-1.6315344528661613,2.6609386567064366,-2.52588048879108,2.6582867243569908,2.0108515725118297,-0.9012793804873833
-6.180137360926844,0.05712283709218857,2.4219119866236394,-1.0304078351212063,1.2992227660886628,-3.2182165105987064,-2.202148560953836,1.8540158785298408,-1.2236027758038286,2.2250077988903443,-1.5224095883635518
-0.5402437430494106,1.005116207391155,2.963590386430748,2.2026072785187676,2.604588585686883,-4.056474457431257,1.2442063561746424,-0.44552855537117547,-3.3595463909218912,0.34480682604606183,-0.004091302444028705
-2.9670221098362024,-2.6356859478428762,1.6027383148677181,1.6516221443879844,1.0949099827983517,2.953249262756774,1.3499227235900946,0.01033094192560627,1.6135958616874295,0.7783339538303784,-0.5820874681065744
7.1144996728612275,-3.742072421612124,-0.4633450531079687,-1.327473401689185,-0.16660353373305858,0.19685934717960818,1.5576695318664209,0.6676989280683965,-0.35449371671835345,-1.5116559407447179,2.566697613487891
-7.11302163465596,3.270228549386129,-0.09281661239087695,-0.2812928047909065,-0.42192041076159786,-1.410522302530713,-2.211549960466954,-0.8541572194595014,0.05662619463373425,2.641806798166662,-1.1945908675400185
-1.1522002555396527,-3.3452260558394133,0.9599503087761058,1.2789881828421499,2.676794512393964,1.6168595469631604,-0.034233271485051925,0.900199904710706,2.616091970619687,1.4256082140768742,-0.4009244908093585
6.867850837737622,2.7143545288802176,-1.5731946399385577,0.09746767974172812,-0.9421964892981756,1.4205937912331534,1.3146265072571484,0.81291688715836,2.177998436035548,0.7699477542660854,2.0663427238098664
-4.396086464592602,-3.113947778078067,0.25694117132460903,2.4450916006007564,0.5641048776874016,0.9848960797519287,0.904449551513935,1.380331170516814,0.3911636118287607,-1.3741891308654737,-0.8753989551592096
-3.529897742346656,-0.2378024420172315,1.4460370910169835,0.40130809123961636,2.5247542191580505,2.6210661753998425,-2.179874096599065,0.6732530243047634,1.7578735427107939,-0.49507989862353136,-0.9357866142582815
-4.282011436994071,-2.119494395172391,2.4910894208246863,1.3059664068747099,-2.5832280899638325,-6.053857914490214,-9.777155933116626,-5.239512770182816,0.6570064943214654,-4.26145553878791,-1.3343451643121562
-5.197659447439882,-0.7146221313764071,0.30999895390645443,-0.005122362893471241,-0.8959647997675082,-3.1286993214110854,-1.5776896869006263,2.109080992797936,-1.1356544247004954,1.4382211662023254,-1.125576399998222
7.877289011477358,-0.7423714330659298,1.0712940065529306,-3.0564616371214357,-1.4837624519771595,-4.872393464264162,-1.0510226586652027,1.6977232437808112,0.5996903796537154,2.202922099239328,-2.9221505835899823e-16
4.520694669134848,5.263570694895975,1.338831699112082,1.0125648678334656,-0.3769561266241165,2.0562663894885698,-0.396958809140692,-0.8453038440145468,-0.32284466872091094,-1.7499366594327026,0.7723214574011815
-4.538883721064756,1.925447704199025,-1.1796458696727374,-0.9492546665144636,3.4089929217767145,1.8519915800202262,-0.31634558347058017,-0.3360191004061199,0.25048497855769586,1.294257661270102,-0.49581938367932893
-2.115652510657551,-1.7384212022010817,-1.2001024762496084,-1.7182367506400986,-0.18637314438068436,-1.637427332466903,3.7624102217627198,-0.3576805510343244,-0.02662893590374051,0.9513266583901663,-0.6597287440910955
-5.215942483363857,-1.9214658268279168,1.5170202907494432,-0.2455200489924284,1.1132810272850346,-2.813242303345982,-1.2611218408482254,-0.26252405375132615,-0.6297777485369057,1.690285555658462,-1.06518874089915
0.4579732975106744,0.6002825239540185,1.4851225555219856,-1.4624263348888236,4.0154751365470815,1.8799255362871807,-0.41611520373843297,1.839335182435852,1.7977625024200996,-1.36778627387731,-0.43543172458025675
-2.6985028361073558,4.397734321318213,-2.933109983857,-0.5795756244732642,-0.5748470971447669,1.6527959853385774,-2.460373476652486,-1.8037516758881367,-2.545279281631293,2.392286236095816,-0.12486662064217247
-3.1169839173047427,1.8276982850351169,-0.21203044174912458,-1.1771712416644158,1.721285493330548,1.466638805548924,-0.46285297510190504,1.5174101898456187,0.36624398194427543,0.39319054318302005,-0.5216998090075026
0.5191364557470108,-2.4681538355184793,-1.8525988490024456,-4.767876388842864,1.4151390955979777,0.22485823844617542,-0.7805453585689436,-2.0111130678211113,0.6553970981262559,2.1702931721474377,-1.0393083155709764
-5.396613243965984,2.5307576207673286,-1.8409995988775676,-1.2018076509755764,1.231136929417945,0.15382748891235534,0.8102692636884958,-1.7704553387364523,-2.5104949934769087,1.4758056226509275,-0.6511019356483709
7.48524573486828,-1.4845460687748828,1.6230431764718367,-3.698202731883847,1.4939120138621624,0.2942106112554081,0.09856066478060171,-1.9897081090618454,0.26253629424898434,1.3561038373786007,2.1611168413616384
2.0851811241041776,-2.1530837386490798,6.018225714882946,4.482704711856259,1.3326694754730908,-0.870123754786713,-0.370520834883685,2.9927603805431144,-3.765271061284379,0.4999261549257873,0.5117918424308996
-3.232051324854599,-2.2692615424713076,1.461132967592612,4.311311974273442,0.9800085361163029,2.803818561625806,-2.653796194677352,-0.6166198370073783,0.7111290231780709,0.5426810819301264,-0.7028627863047182
2.117151213870295,-3.4561351669052756,-3.67966236739726,-0.5153114119402354,0.36501460377614636,0.24599939197404605,0.9526597612981347,0.20662468895900862,-1.6209955880639615,0.44364478345466274,0.927604009370224
3.664145542285243,-3.8534944397619113,0.7645814608376162,0.19352921318639013,0.34079331981159317,-0.7730575788128778,0.13320340782287565,0.025199742741532753,-2.2059161630791584,-1.0779983528433377,-2.9221505835899823e-16
-3.5480678251483284,-1.1350813683585756,4.338594974517863,-1.353411525838857,-5.989841036905655,0.22820594942295067,3.1035247175844085,0.38519408679641576,1.2862292865747802,-3.6117502529851846,0.15119124952501328
-0.4725267319424638,0.3490951094594094,-0.9344516949305788,4.8427134559807365,-2.0216932364298397,-0.2787902607017288,1.6870692114503496,0.7938826478367614,1.9363123476884316,0.10854060101984124,0.23745933395225882
1.251081575935945,-3.797574110636069,-2.0280646330487233,-1.210834758101217,-1.1443540749514463,0.05679392207536911,-2.1755687451325603,2.1873167426805615,-2.1899664188398624,0.9218766340486974,0.10805720731139051
-6.283194636772327,3.8329873424511254,-1.6625100984415384,0.9771711573693308,-0.08326029120442335,-5.807918591643018,-0.37147474326228674,0.09631188540863173,0.4831080864062452,0.08274777641255443,-1.2463517181963657
1.11918486408341,-0.16855893711301762,-1.754500851660987,0.37026540275195413,-3.255770198045628,0.477574428216883,-6.661387082557398,-3.583584497721305,-0.6225377664772633,-4.203534539650668,-0.021344919329477813
-7.9984707575923855,1.1784960837355394,3.5247226094992867,-3.4856516518834937,-4.260941680484202,3.0707653799344787,4.333108216780936,-1.5730653111352069,-1.1367337762205216,-1.1316006838355,-1.2118444844254674
-1.4227010710293764,1.61756297591978,-1.9437935460476892,3.7615477680030005,-0.18251250181795875,-1.4060618372153375,1.485451050992007,-0.7533712264174636,-1.9373275071577811,-0.26477910447391434,-0.37504406548118485
-4.649542702424844,-0.9505893922908992,2.2000634812494577,-1.3127243801924409,1.103680178791992,1.7197247540720975,0.28176586206313003,1.9045703282999102,0.49791660842614427,1.824927908097653,-0.7373700200756167
-4.882530242742486,-2.3899181232277793,-1.064804274654719,2.133855001432027,2.156621130581107,-0.8514926358538627,-0.603067187802455,1.6357152850478698,0.815281632042767,-1.1695168125737088,-0.8581453382737605
0.31163539895273495,0.4484004065260636,-2.612903971912424,-3.2966788814126224,3.2846915684202695,-2.411534864028078,-0.24009346224359793,-1.1206719649100059,3.4431117723283218,-1.395724336827629,-1.0393083155709764
-2.957945261485007,-2.0397192068477263,-0.36152492668114566,0.05309980016377991,0.9161728694638307,2.903952367205945,0.5458338532393341,1.916948542044591,-0.47680718721127757,0.22459231995485102,-0.48719257523660436
-7.326656532452256,-1.577734924376146,5.899603374768969,-2.7810030594810455,-8.350824533216079,2.424947548165826,-1.4714905445075845,0.33387215846751694,-2.1368535239605335,3.9370904898801315,-1.8847355429579837
6.374221118861612,-2.8193611954850364,3.839565241764003,0.28901870235472066,-1.1617465875755424,-3.472338745472933,0.02689395617608218,1.5310826835521347,-3.0866006473163394,0.9522535901167752,0.8930967755993259
-4.82864362034145,3.8318249262745145,-0.8164870407668402,-1.4738522986460607,0.5117103054141283,-0.3235557892321821,-3.4517510615573768,-0.30178356887467434,1.5209867690325876,1.6318005141315937,-1.0841677194731438
3.450873129152507,1.6868805617305125,1.0730365468764542,2.9235961060903923,-0.21297523696780568,1.057257148617985,0.8813809205613131,0.4564029045690789,3.7203115069640544,0.271166650089505,0.3927418859213011
1.9225941907975819,1.8931681726564349,-3.6534744657336846,2.527096553493829,-1.7092522019133856,1.2806894296711306,0.9300806600023184,0.44632550243748376,-0.36322187250490445,-0.4165997335665379,0.4703831619058221
-3.673173269755936,1.133464517227497,-0.28295090852095134,4.327523908251869,0.1011875198497002,-1.7619113542405789,2.5793109141658763,-2.8075670350984616,3.0153799759103004,1.7546330262387322,-0.9875474649146289
7.6782910693265185,-5.407598991279384,1.0617273275728574,-2.206032166996007,-3.5759700599375583,-3.3652990656587964,-2.0169358942054365,1.544818731655404,-1.6588936388225493,3.291341119434345,-2.9221505835899823e-16
-1.249848308337992,1.0816936218001683,-2.180901133303824,4.095999264442241,-0.7836674676139207,-1.1261939583282612,1.0015244973051936,-0.5961174628487572,-1.7477779463786138,-0.593053290723217,-0.37504406548118485
-3.0464894756850374,-2.5480823811064006,-1.2271313574300162,0.8163939334718479,-1.6153051313769984,0.1471482610784137,1.0731826161233984,3.0495733345399887,0.5519207278976609,-1.0394913841116566,-0.392297682366634
2.540877079581195,2.33061516826913,1.76955352733468,3.1801205384533526,-1.1080615181506555,3.154502893055818,0.7619412500471691,-0.015020997844525001,-1.4215963311978124,-0.8170130217260131,0.22365644044389965
0.6892161955716315,1.8910690739025342,-3.3457895958965773,1.8821228713456535,-2.817689666409743,4.054538069591014,-1.0966338996931115,-0.9188546492546713,-1.173014962634787,-0.1457513362861191,1.5401074088036681
-0.1287810126170202,2.6213059860854893,-6.789257173881468,-1.2011105493716252,-3.164650976931142,0.5491685714415033,-4.246246493764837,-0.9522298024299726,0.40957849812651165,1.2505138093890407,1.1864082626519608
-2.72236654802263,3.672540188936749,-1.0324201806562285,-1.2324005584746596,1.5711732066299646,1.9727819711823171,-0.3558924586228506,-0.3306167629882146,-1.853033825701801,1.2067157512983093,-0.5044461921220534
-3.956614417002237,-2.944933564273041,-1.0529522864711707,1.959583319583484,-1.3383714337699255,-1.713176281940869,0.7699136627646849,-0.09455905543899987,2.708074944958698,1.6748702435086524,-0.5216998090075026
-3.267137594132119,2.1455933791673933,0.849649169072713,-1.2369905171442703,-8.683860408040132,0.4715565564034839,2.7422582084265965,3.187586137255689,0.3160300044368594,-1.68160718437503,-0.4199034693833526
4.85923813230914,-3.096011923132602,-0.25421885488371054,-1.6446935576855397,0.8557445127701451,2.7125199046774098,1.2103172060833742,-0.3493158137536797,0.19106488112146366,-1.207217478432598,0.8758431587138762
-5.345057988363005,2.8097178482195133,-0.4433799358538998,0.6677515152610156,-0.42288435476760955,-0.9612569367296827,-2.0847321200032662,0.7378388234840276,0.7944642141511784,1.2236065879569094,-1.0048010818000779
-4.780930142927345,-1.0341053772616486,6.121383252999516,-2.1429943648968317,-3.482669611210536,2.967378164150896,3.461235889227773,1.7229000296733197,1.4909909552063667,-2.3193844611418433,-0.8046591259288682
-1.1039157593773863,4.690301248225921,-3.0820164685823315,-3.6929102020287363,1.0726780372732974,1.3798794367673808,-0.5655009155254994,-1.6213518860253449,-2.3079563378007553,-0.012477935495930733,1.2036618795374099
-5.834350651983316,-0.8335112952272414,0.9676449566043752,0.4127126835933859,2.9686011927548175,-0.8484039096659916,0.023583297639113383,1.9680326294050803,-0.8952038007737464,1.2487992663064733,-0.9185329973728323
7.607624650979466,3.9132667629312405,-0.5279700348081177,-1.1915820067901832,-0.24564622613017542,-0.5180984450242128,0.06675063735687574,-0.23825805438368314,1.9624675206199316,1.3059574078993865,1.9147351922374247
7.004882865140429,3.73017516118621,0.11973157438293007,-0.3987172195719004,0.7259520837840147,-0.29699733140490037,0.15749758247676468,-0.5595499395320678,1.3166041253640017,1.6804796795186037,1.8161652789708538
-3.2485897977828024,-2.6680979846438664,0.960011847817891,0.3858298746972223,0.11537448068681334,-1.4437817109208728,2.1314471605202487,2.2848038652092253,1.4076859302496338,1.7048849373081614,-0.6942359778619936
9.063509090204057,-0.9987976231839629,0.5199898896060161,-1.1948546420714434,-3.2830155209312593,0.22517155178561152,-2.264505594991297,0.0061710708348281735,1.1961017624570445,4.717974170965886,-2.9221505835899823e-16
-3.525432880904483,-2.807980756880026,0.4554339527748288,1.1893247816770063,1.5129232213947599,-0.680801635854372,-1.034982979637432,-0.3605827763724991,0.6916039444176014,0.46530056197107506,-0.8150112960601377
0.9706226992533595,-1.9115459090494762,2.1279717908890645,0.8286017114394412,1.9290473911272137,-2.968767987906438,0.12010307168744672,-0.7089103204950856,-2.315220108727502,-1.5876358300392959,0.15464197290210321
0.03459202313066376,-3.4421331373234096,4.482037762897074,4.199547055207099,0.8107757832127275,2.295781269910713,1.7899030344490117,-4.841178008401479,-2.268222635832948,2.609994294392993,-0.5044461921220534
-4.058036002660395,4.455024391372611,-3.868934979056454,-0.5607489552957025,0.18228548091050575,-0.5587982952160632,-0.06116501549818716,-0.9883832161889395,-2.431528048110732,0.9999854986690329,-0.45268534146570616
-2.164017116749674,0.46261474366989275,-0.7879846248363679,3.836438511708924,-1.513400536222498,-1.1639497296115118,1.3776857070124404,-1.5856834786091527,-1.9586087487441752,-1.6864566868342685,-0.7459968285183413
4.142759936246261,-1.4766833298183486,2.785746632622038,0.15026014808446944,1.4806119536569464,-0.2901201852966877,0.9205882660198388,-4.5870573282315386,-0.3032185592387005,-0.9745439040739532,0.4220730346265647
3.483572664510552,0.8767007499079872,4.042275825901989,-0.31066987927771145,1.6303169077279613,0.07674477599630261,2.803682774177329,-5.776258595029231,-2.8472479409530487,-0.2198033652332664,0.7723214574011815
7.290907805068576,3.0075280187542317,-0.5270569365876887,-0.7551904572777133,0.026959170425718302,1.7167726853866758,0.2402737260116506,0.1478930279023558,1.1292198156850655,-1.0357355581047778,2.5839512303733403
-0.11923034763365283,1.4622916843832117,-4.112885177927409,2.2490043160352013,-1.884773195093052,-1.662171501537686,1.4099181811204582,-0.23910193071291433,1.0822569621023364,1.7718466439500862,-0.5216998090075026
-5.205835892132448,2.8001179440286776,0.8115258263598205,-1.8129465773934357,1.9294106114456053,0.5207186059944686,-1.122001391598615,0.5139784376548509,0.17648131619170437,1.2100638451555503,-0.7805040622892395
5.87425698381857,-2.4589602190951374,-0.12724780115748716,-0.43823559911060356,0.05266453658007111,1.8575079290632006,2.3156739047036656,0.2725199122839552,1.5956142240113786,-0.20896994488148385,0.8585895418284271
0.12122182354707683,-4.4461944765520816,-3.735502077066856,0.023509110571093447,-3.626735362264093,2.665830968026348,-1.1055720792936865,0.08600191818551414,-4.429596571813514,-3.467463811463006,1.013009412953197
-1.2805164378790446,-2.341908456320197,-4.504570220224972,1.6173494530979595,-3.3653417658342155,-2.3666185601582224,0.08115591707175103,0.2170854130132307,-1.1746704495474636,-0.41029534528169914,-0.0817325784285497
-6.235271192057098,-3.288684905539941,2.4754767190779594,5.061229121519977,-0.07133024482357925,-1.8977292693068344,0.05974940865860824,-1.8672493373590107,-0.5266460691647835,0.0037349754984893867,-1.55691682213445
8.90364162821816,-4.259063565721101,-1.2065389401936368,-2.949016437942155,-3.350730845673671,-4.251100026756053,-0.4362503644662221,2.417086948496564,-0.34033506588620455,3.9643798706970887,-2.9221505835899823e-16
2.394224907137007,1.9245715042824123,1.8997370469814008,3.4329497523179335,-0.49913136159397187,1.7960120783136881,-0.6441137961782603,2.9612568125125676,0.7997157098885666,0.3137397141270122,0.9793648600265714
4.408793390766046,-0.3746997181801126,0.958376035685764,-3.5481891675457398,1.0116180846864415,1.166807846723978,0.4984337521622922,-0.5454458093762649,-1.3326410231731987,-1.74460355926958,0.804016351619752
-1.5667834409793457,4.631892469891587,0.5116874105176961,-1.2812255800657102,0.7418706550583206,-1.163754303645654,-1.9141289173872755,-0.9658341241443845,1.346099409862943,-1.7252452589491394,-1.0824423577845992
-4.093643694587713,-0.9437511332820702,0.7159582829015917,-1.932728377482133,2.7158816607228555,0.4469419412846188,-1.9411150249951568,-1.6515112726333314,-0.32116604491804435,1.4354776126829456,-1.2118444844254674
2.882486205930886,-0.7227094528262962,4.541331504947761,-1.3888941654632587,4.528949049801095,0.5072980541798444,-0.8921557343292251,-0.30578518473169836,-0.27703881786743617,-1.7288089265633908,0.40999550280675023
-2.0897308599210405,0.3917353271623203,-2.9463654059797735,-2.772444406696648,0.6816314389080477,2.877243335686437,0.22155361898686107,1.2129591564061029,-0.9804408926519612,0.09496984054726543,-0.3491636401530112
5.550615953763572,-0.8393302838717078,0.29507626425923733,-3.67990831685697,1.9809284399869997,0.2150081570092315,1.8233554771433163,-1.1177102527622127,0.860783250247075,0.6424228327357321,1.0311257106829188
0.08464973636635621,-2.8352090873572995,0.37318123632818695,0.9460532102010213,1.10180007646404,-0.9674554554898888,2.1931252992787202,0.08554202306285469,0.7163751851209728,-1.263223301398428,0.04766954821231862
6.077724665074528,-0.9768582031951074,0.7980885412113324,-3.093762571776562,1.5520226935698187,-4.892192347951258,2.3654927350366455,0.5713052931936589,-1.3700505222928137,0.6414415527385272,2.016134698673209
3.607395390593232,4.882615102451128,1.3609446581140674,-0.36474864360859144,0.6843576192426654,0.3331761132727469,-0.4866528878721837,2.6205987925936274,1.5124578944618765,-0.4115135399058045,0.5635526930872475
-6.874880647207706,2.8984173069994075,2.825358433800029,-5.572689379130041,-4.282167512350798,-1.6876385767411965,4.387142991686673,2.79595476345449,-0.3021706179943048,-1.1572557504882361,-1.558642183822995
7.443816427651848,-4.544994259296147,0.47742022642759635,-2.5536847123309805,0.9087331512842618,0.5801917479718244,-1.0516600282458826,0.21113241253163478,1.529000494667239,-0.40899127796218027,-2.9221505835899823e-16
-5.515551960677216,4.14185148041333,-0.6812163380248508,0.10975955192721569,0.7531026239993145,-2.7715301031782453,-1.316234586072441,-0.4384464822694983,1.1459253506014835,-0.595597591727962,-1.0910691662273238
-3.5081252590637213,-1.2606135212299197,-0.11792960210352617,0.47407733503332394,0.7871064680614518,0.14786563864573957,-0.5427954883402949,-1.0906718522170475,-0.3599856959983838,-2.419943838369136,-0.46131214990843067
1.2309584759633079,3.0423667942324957,5.545258368119402,4.771049644496303,2.658028303449507,-3.9062305263679185,-0.1124881807342054,3.30217711307125,-2.8633292833354043,0.7308134830037578,0.028690569638324837
-4.2742520118536795,-0.9294504454901873,2.9279273632364395,-2.8418611436965513,-9.536984579000407,-4.991803095184407,-2.376391082796082,-1.9244338038761584,2.063413360923919,-4.118491253220673,-1.2118444844254674
0.920489833646398,1.978063513392498,-3.9744875312014356,2.6276681629481025,-0.8503435778825915,-0.8809409909121134,0.6890734732867728,1.3042836544624348,1.097011210072396,-0.556255807711614,0.1667195047219177
-0.7917292407577654,2.182269454100767,-4.309822258510884,-0.7614827400293268,-1.3457253289813131,-2.7067702980748556,-3.693013429831824,1.4654434555477918,-1.9149644108690822,-0.46926404554958256,-0.6269468720087422
5.864432578664069,-1.3641675224747842,1.3755852873635905,-3.5832662360039267,0.5296283306262127,0.4358838307216348,0.4544450876081378,-0.8793889511533094,-0.12118974076819312,0.38208221078926735,1.2036618795374099
-7.958177495202896,-0.4103201637354556,0.6254953149260465,1.1744650502100504,2.3183747529718994,2.8132292140470803,-0.169981970202755,-1.2059927258387522,0.2237357181236529,1.9193076612952478,-1.401634270165408
-4.144041897551101,-2.4527535161963248,-0.9793001529730407,-0.24786011731496516,1.0150331325959263,2.1143547425871683,0.4645972104503249,1.6290125028469897,0.9398660021294923,0.9326648384567883,-0.5820874681065744
-2.086717386811006,-4.863394075689432,-1.4752034370810185,1.3566561339373124,-0.11533092431349336,2.02788007697392,-0.2845235621991498,-1.438237364922787,-3.3188677070868,-2.220115611262877,1.1173937951101642
-2.041579017837318,-2.7664721994340993,2.234335214154537,1.6658445489418179,2.200690762015172,2.5924684563215123,-1.5910892641043322,1.16768562722588,0.9195358336392239,-0.44751099947441897,-0.5562070427784008
-4.628498038544665,-3.2523802977920084,-0.23561977680587484,-0.10524816666439508,0.1242215899942931,0.004129075106186508,-0.3597612492619054,1.410685921484439,-0.36004202902551846,1.6055678452505369,-0.48503587312592306
1.930782772429631,2.850537229642076,-0.8543291511890891,2.518276786026832,-2.33120416832087,-1.2759170914822866,0.8368526113014203,-0.7712477023776771,2.0283778308705815,-0.9292904709457063,0.297846993051331
1.3144838730814237,-1.6397940262704207,-2.7330945293761335,-1.2139993212209736,0.7665983230409718,3.3462875867434185,0.9184071634872137,-0.3881536568393012,-0.8003187325704103,-0.45586465098939494,0.20122673849281594
-1.3149248446095483,3.8610193567665823,-2.1961804514020327,-0.8311293483970192,0.4906123248230362,1.7763476261140816,-2.0314564415009855,-0.22529928545923208,-0.4735030138494825,1.9646951954390068,-0.5216998090075026
-2.663190325101986,-0.6948954449161334,-0.062270069527756475,0.9558110226104961,-0.6208425539032019,1.3250755145130542,-0.2654159795221243,-1.4463744166711132,3.435912431314453,1.697388500666298,-0.43543172458025675
0.39206605113352383,-2.975175987970901,-3.2096170255200196,-1.2466440473084799,-0.10420763905930076,1.4638796244616363,-0.6490135192949277,-0.35081141009974326,-0.9062009673936251,-3.0736468952037876,0.08217678198321685
3.816795823351704,0.7828321352224155,3.6997558999123035,-0.860561309708195,1.6691753918806824,-0.22944612369865444,2.714715968100866,-5.926668958460587,-2.959946314223025,-0.979934405872058,1.100140178224715
-5.129919088766858,-1.2517559066122628,-0.09273364290333967,-0.5405144444698802,3.0741226991963484,-0.8815995268221257,-0.19811684431338836,-0.6527892131707388,-1.6704048962186082,0.460040989362405,-1.041033677259521
-4.462195162467894,-2.2111061018430407,-1.2159259358232075,0.7401822347269448,2.220643962079008,2.0528615305562865,-2.4278695848212313,1.3071461462218297,1.7895018831679823,-0.4751057052436192,-0.6959613395505386
-4.1375389151860125,-1.4106170640110562,-0.4977422911782965,-0.5975863972973661,1.358002173669477,3.021980278218721,-0.7461611424934018,1.6390507516535977,1.6336933459339282,-1.0639795885214633,-0.5320519791387721
7.698073501712442,1.3924969239271983,-2.6421488389733105,0.5182656921679277,-1.1668580355331402,0.6230891006832006,0.397783770935376,-0.035752396098735796,2.373755008930392,1.5890373923117669,2.0663427238098664
2.099332872056933,0.10759286111995867,4.861186462026676,0.5507690021741529,1.9928371908569895,0.21262677900855634,2.443465844589762,-4.24555070028254,-2.6244753257865194,0.26590615761223413,-0.17317674792142987
-2.933218830342335,-0.7836522283792254,-1.4290637041194147,-1.4609549748728177,1.2052759827453323,1.099323693185311,1.146171372429839,-1.5723507743461473,0.3510132518913889,0.1551982131165262,-0.5389534258929517
-4.099457985047572,3.6356378690780455,0.2600412603767606,0.26196442195765374,0.3315084236148007,0.9889842173551375,-3.585331238713249,-0.6110370368691915,0.7151955718929913,1.5395648395671568,-0.6597287440910955
-0.36860852563970004,-2.7208966533409384,-5.054734367904656,-0.9399617278264782,-0.7189336831933697,-0.7856764808081599,2.3842409849314623,-0.29515239534987653,1.2944305628554056,0.43779553269969274,-0.07310576998582514
2.235141825121003,4.729269084531396,2.5022915011939078,1.037812546620543,0.8025912065061586,1.7197496072177592,0.8190157652992082,-0.7817347046262522,-0.3990990800253185,-0.6168580003775302,-0.10778553992557824
-2.628181394955488,-3.2914644384326466,-0.9885169217803056,1.5731408585867814,-0.3344384419101416,0.22280816827188257,1.7105313918273823,2.7468937172803516,1.4806780750452515,0.6735944691159095,-0.4268049161375322
-2.150532847812715,3.815373845365701,5.716332004261186,-7.14170611647398,-6.510547168450341,-2.241663718211373,-0.26448748474553435,4.416000190814161,-1.84593258151806,2.693638782087545,0.5135172041194449
-0.23203056796262567,-1.459321776238556,-0.4671300771353285,-0.6713653131173966,0.6210360921849696,4.509100342408726,-0.030123796832424398,0.9554942046531084,-2.2232729599456973,-0.5840647008230265,-0.14212023752762157
-5.27823236672428,-0.9799072762844675,1.4692865132828907,-0.1907157421964272,-0.37352415787114485,3.035398357698516,0.421835964041718,-0.2828972205815199,-1.1744680848904214,1.2312873327465144,-0.8581453382737605
-4.382361089639982,2.259391473754618,0.4206110257409214,3.547715031140543,1.1708178991845664,-2.6969513408313066,3.470283725612622,-2.9686639683353473,3.25841110924253,2.729277292766619,-1.4188878870508572
-5.176157922756744,-0.9602265198029638,1.534998498173574,0.9143184147786421,2.888888980646543,-2.0306416535268985,-0.824188909413037,-3.1090158902390597,0.6544953809270662,1.4450425021899247,-1.558642183822995
3.5324732067179565,4.912065814042574,1.3012514621736024,1.2312129470820292,-0.011084390677291285,2.036894512986107,0.43970738764195577,-0.5428836754046568,-0.8763560331102057,-2.1117558824129032,0.9448576262556732
6.991337471398556,-0.9123660026697513,1.0749333603628444,-3.4103992832783043,3.1889419211070007,-0.6534109422223959,0.8733401638913022,-1.533888148981767,0.03983645595836847,-1.2241209798880284,1.3572190698179072
3.904491462590077,-3.009750747530724,1.0660471614018474,0.3622624552289373,-0.501603941662035,2.2747080073692545,-1.6620582478334989,1.3725463428062368,-1.685612609550118,-0.7826387821906569,1.1982442438353789
-0.36773076640585056,-0.7515112048115427,-0.43349231948761957,-2.587779604758039,0.995882781838867,1.669065574879786,-0.2955917354035767,-2.3125077298627503,0.6515695111121075,-2.4330965268538853,0.34098103526495377
0.18724313167697929,5.0852373688861645,-3.7123295801421627,-1.0135067072299269,-0.5680684811815995,1.5816159337316322,-1.760403354353853,2.1464688936901717,0.15581758654358827,1.4520161166552747,-0.038598536214926926
-3.4504462630883945,-3.572988226401415,-0.7855569231875095,0.9187795993474341,1.3191856448043608,0.26439373758769136,-1.2841164307886763,1.4192181857769166,0.7383328702557519,-1.4314075074274308,-0.6554153398697332
-5.295498261911797,-0.2934692258017682,1.501414262998308,-2.0364067256339253,2.6154616985743435,0.9299323024961499,-0.28765641834234934,0.6091267661560614,0.8743563609562124,0.6811913828261161,-0.9616670395864552
7.948888684058767,1.2454177160143216,-1.9769843752430507,0.9973499090385667,-1.3124167745612587,1.638955312047942,-0.39019660402052353,-0.37644763089586836,2.692213914167834,-0.6858354499805356,1.376198048391901
0.6388630822097072,1.2963562152845534,-1.4632162144330119,-2.643013754573326,3.566770532339747,-1.299022808519269,0.49136296068910973,-2.497530620775735,1.068403538491337,-0.10090662178146637,-0.5750997532679675
2.126239972764283,2.3591740775223236,-3.006572628197256,-0.6605001935755106,0.26850822669134683,1.8458726822909286,0.6553274192996333,-1.93652556643048,-1.7936493766405206,0.4492946123655576,-2.9221505835899823e-16
-4.977593789345467,-1.2940561873723175,-0.9089188486071588,0.2932509850427335,2.139328623797956,2.393716157564125,-2.0072904531773865,0.9528106374232425,0.09141020231674817,1.0078572695081358,-0.6942359778619936
0.17354343969165867,6.231540656012215,-1.7891626787761608,1.0997649694247018,0.13392295682200056,-0.15626458711869248,-2.115268161536499,0.8616865314635376,0.7474126347833818,0.004745780983110063,0.32372741837950464
-3.39057690919501,1.109986131609269,-1.2098964587702292,4.461188356493338,0.07399226466523001,-1.649327691418638,1.7003567953182668,-1.3306213070794937,1.776921062178083,1.490711947692052,-0.7805040622892395
4.293344094486618,-0.3416888460891155,5.257107330477674,-0.5922211529258486,1.9299260517542958,-0.22323322765114748,0.040720614146292744,-5.948745122051173,-1.400852893200156,0.11243955275251957,0.03904273976959407
6.505640898439458,-0.47086960762869917,0.48794591406747356,-3.0255367389657577,3.2581633319461423,0.04891925310328931,0.96830427982615,0.7614754807446654,-0.714711557708167,-1.6989006450694843,1.0656329444538168
-3.032398407371238,-1.8142718452215931,0.2927211434104134,-0.5288500587814355,-0.3013671613842655,2.432856549330333,0.5057290286451449,1.1623678800471269,0.9610718101564149,-2.9878651516760324,-0.5424041492700413
-4.791988427435733,-0.5293884773534049,0.6871888576452346,5.704273048802845,0.12636343179905388,-1.423473473285843,2.2426821663813286,-2.466168114441532,1.91594565556278,2.3837586787182765,-1.2118444844254674
1.794140357502104,2.7381157990839484,3.204357959408733,0.8455857209513682,3.2678721175283756,-1.0452853016653778,0.6291790593274618,-3.0491852252209606,1.1325934030077114,0.8791844763336575,-0.6942359778619936
3.291646773107941,2.775954075083162,-2.2712339799983954,-1.394592860382312,1.676439393792167,-3.186023060205081,0.12898970628115394,0.24474432183996603,-1.6778306865429853,-1.4873223196691603,2.152610808237112
1.5503042424276245,0.718871871256636,1.0154674533629728,0.5650752853489619,0.15208584432119984,3.0474539415725523,-2.560533566603536,-0.01830342421675221,0.4103644851965548,-1.9231657120707382,-0.10761300375672336
0.3654526280365412,-4.31410269832174,-5.250398691699039,0.3064198547934547,-3.523234138891707,-1.9331658573111814,-1.17717840277052,0.7776992473992411,-3.2705218879439673,-1.3175579231563785,-2.9221505835899823e-16
-5.950191235952674,2.1127110214797704,-0.08080751575557259,-1.8536541788337357,1.390663101817732,-1.2342562149290561,0.5592760430980666,-1.7177976440697498,-0.6786665979267631,-0.30700175314288186,-0.9530402311437306
-3.9789373642137633,-0.30461904054162714,-0.9368013994109188,4.1616072525137024,-0.8327408192949346,-1.578947466059028,0.11309621295960505,-0.2555026140838044,3.2621161521093334,-0.2147576628094777,-0.5389534258929517
0.33474261539522865,2.268679570873563,2.001585014180296,1.4816579798654508,0.47481398978854217,1.9803652731359391,-0.727844552189511,-0.07740163853696529,1.3374918837854395,-3.2357550352385593,0.11668401575411506
-5.062615685415609,-4.507663589720447,-1.5354680136202463,2.4955239181796416,1.5591765696250888,-1.1758519430031187,-0.656754030144089,2.0719627581530773,0.6839592167478326,-0.9555846126973881,-0.5389534258929517
3.2486968611917195,-3.4061724496945316,-0.543091290437822,-0.2302916576282102,-1.1563885594197396,2.357178651539591,1.9716531612600603,-0.350518099128491,-0.21274932808613664,1.0406522337037503,0.8930967755993259
-1.2632227878009845,-0.9039170125019351,-2.118994433520994,-2.1977007286819314,2.1906695298851324,-2.167236572954059,1.5673352303862325,0.10998214229879033,2.75011595758633,0.33380940211778554,-0.055852153100376035
7.5965345699407205,-3.9565857725994835,-0.05055557140905099,-3.5330859107628094,0.38687573128992014,-0.6637496798218135,-0.8395431327666651,0.062257132081339026,1.2019257919075466,2.4246354621540838,2.549443996602442
0.11710057277817613,-3.803671746392674,2.2080362067732797,4.1674593752126405,-0.353396007816252,-2.5488698145011703,-1.5826943837337932,-0.9029219071961408,-2.7805935540690156,-1.1554790854064731,0.7205606067448341
1.706699662155576,1.0220279722347758,3.8334610693400712,3.6111099218846707,1.7409875643685375,-0.22736554964755692,0.2791028685202953,-0.9000597109627256,1.238031943517341,1.9819387754353255,0.04766954821231862
-5.520455896075215,2.7996972981755173,-1.4317911121379392,-1.0085670459361182,2.109191631049048,-0.2971609912967523,-0.13165852180179588,0.868396777596733,-0.624362085968808,1.2696621790365714,-0.6079678934347481
3.7360377407158065,-1.741538750825507,2.83136888514336,3.192133588977224,-0.511902233625679,-4.088157785533664,1.5015470799594708,3.786823054163961,-0.1044682484869868,-0.7849442081664285,1.220915496422859
3.9012364140241593,0.19336791320934887,3.445820163807803,-0.518099289846937,2.997694705913144,-0.812025618568743,2.2342704239730105,-3.8846833510378307,-2.3462991469675707,0.3958634468916267,0.5594980931191667
8.420195041870763,3.6560843221178363,0.5444609283384876,-1.516286262017054,0.6551395011515936,-1.3892992024285529,-2.714035394980401,-0.5399282357511063,5.370961676091939,-1.6009768574152887,-2.9221505835899823e-16
-5.1929906723066965,-1.4489158691507757,-1.9375095288473527,-1.8876325903820443,1.116287418290063,-2.6822073275487575,1.161325341251348,1.7274290798262986,1.164092560398736,-0.05618339104685691,-0.5389534258929517
4.037688867834762,3.384138210087142,0.757709132904153,-0.7006646865367074,1.088380300578966,-0.2404099742491331,1.2128971450992356,1.1768133309524038,2.2203354520837406,-1.070797921194335,0.8758431587138762
7.9466810697204355,4.137427519844533,0.4169790171793982,-1.3413774875981366,-0.2552278494093658,-0.4131971521277853,-1.6271590093312605,-1.5636374142453835,2.2236426625333117,-0.9396918560830896,2.3941614446334003
3.0697805182544453,4.852417023211942,2.3207584889594335,0.9388616496328621,0.6910461837396891,1.3151735770355082,0.9572106190223418,-0.13861752140911818,-0.8986304461265116,-0.6319895068302842,0.16844486641046238
3.469679717745142,-0.249526081428652,1.3132647444280565,-2.292863239861675,2.7955526820331884,1.0554774944606842,0.662143175126179,0.45648471616735414,-2.7068766261665838,-1.3061152293849048,0.32372741837950464
0.26711762971228065,-3.8840218588610638,-0.26452605808653273,1.829322832453228,0.4289354156245467,-1.7054423712858688,1.504337147252186,1.4956022516606404,0.484066783437441,-0.6271738980019766,0.15464197290210321
-2.3911404840057258,4.99088588668179,-1.6621187856803958,-0.6558050728693763,0.7118449494640542,1.2218429430383557,-0.3881938731176307,0.354359399494545,1.3186860004621288,0.10128387603327646,0.11668401575411506
2.798012545913241,0.7485455697768,0.2602656216398269,3.1929313465163993,-1.1147040993837267,-1.8929591439929987,-0.15196694726494545,1.5807148734696048,1.8622630369731448,-0.6738328957323017,0.530770821004894
-4.073338509836027,-2.9279493807832457,-1.533470948798869,1.2747259179943107,1.8849970368032123,-0.5055358290455788,-0.3164881630813532,1.6914171142239085,1.0191924817719011,-0.14420625177883745,-1.0177412944641648
0.7918876898553784,1.229003622002612,1.6427521500991489,5.8571439025126075,1.3744351564446744,-4.2989106036413185,0.6106480309266331,1.3747863975192398,1.5427425054188688,0.8807805789565466,0.15809269627919315
-2.599025702858333,4.814064562331923,-3.083304508966178,-2.129687458981042,1.5419924424703328,-1.0114893408533654,-3.5009272583788222,0.01086510414275839,1.2716237950756852,0.20590251471445903,-1.384380653279959
4.06918113464947,-2.237113381521175,-1.0393919872091,-3.3434017686639903,0.6537104982786458,1.0995672644823982,1.1749241871910314,-1.4268806606513627,0.42032493341539034,-2.175402942855918,1.2295423048655836
4.9658853009043336,-3.526914160199226,0.1110099321353539,-1.5443875644061165,-0.711176174740987,2.5262838686973415,-0.8057107795461412,0.627854683205514,-0.5638934505313831,-2.723177335602899,1.5314806003609436
-3.2648154085055543,5.805725672302337,3.7755525580350207,-2.7825724474296503,-4.4385645912929865,1.9739040374642092,3.61406192033804,0.3120571592213157,-1.6871399803878835,-0.10162811402445147,-0.7287432116328919
-6.3772911209891605,-3.205025086405154,3.168407754976975,5.315278382628101,-0.08536466659915469,-1.5169970981240413,0.22634121617559966,-1.4673892773277408,-1.211092813111595,0.8487070897578799,-1.4533951208217553
-5.537914476180805,2.028751265067053,-1.560376309544387,-5.108341712470874,1.731532773468557,0.12493782433843427,-0.25437812043668295,0.40232093296165067,1.8709405082837915,-0.7714790790321319,-0.7805040622892395
2.421381320560495,-0.33084742686764995,-4.242397511902405,2.498659286478589,-3.2832409610882944,-0.012697821802703018,1.2437474939630353,0.4852477867150877,-0.4393157297775646,-1.9152756820235222,1.7557776198717818
-0.28276256617594625,-0.026673724920554403,-3.9745684020963976,1.5309274823861427,-0.5278686486236809,-0.8568822044784858,1.531461704926299,-0.9782615459123163,0.7452614930377167,-0.5636956518131777,-0.211134705069418
-1.6424865681330316,-0.2843240961721412,-1.4558330504649861,-2.3190803410784335,3.2508144052721253,0.23560330864128526,1.674882741629093,0.493004112887256,3.6189698828036856,2.757226310653345,-0.1766274712985198
2.1755459072023156,-0.6630163348161466,-1.338814471866971,2.8988849838410116,-2.4509800857412225,-1.1954683942580382,0.26621597918587625,-0.7523977446661372,-3.612797346425671,-1.9416097558900702,0.6429193307603132
-2.521844176168557,-2.611050923203321,-1.1528049859895284,4.75073457805812,-0.06706185134632435,0.2459207488934859,-0.14847866283144123,-2.3353170477139593,-3.104793972191531,-0.8619679855527029,-0.591404421224717
-2.8550572920845068,2.085530420902366,-1.8439579504583208,-1.679523750995752,0.5082627770187652,2.061994369399585,0.3937526520379857,0.09378714547896512,-2.445364566850443,1.2621709068251228,-0.5656965320653977
-2.235295477399789,-2.6901396254648753,0.9197981024066932,1.306290302065519,-0.7276209957469149,-3.215249174903958,-7.136638667296122,-2.9744682187798834,1.1412711927815158,-4.272537501563131,-1.384380653279959
-7.7060555968129,2.3903605861633106,3.322578906507478,-4.640593043100661,-4.548446493090508,3.359338212572566,3.515409113700601,0.05510593353959726,-2.546016844720998,1.1072935205469903,-1.4361415039363064
1.6126677495460109,2.554471594561556,-4.193010884047279,2.2566843135230594,-1.8814296010131517,-1.35393614649892,1.9113096701080907,-1.1962125415540248,1.5209446185254716,0.8459262794922827,0.09943039886866595
1.6503517844286901,-3.8426740955256506,-0.14264317010943978,3.2454195467762914,-3.0789785640905665,-2.2432251723575707,-0.7002860834206547,0.4599592591131001,1.2880369882936886,2.22162212220938,0.14083907939374404
-2.8386957024437227,-1.1954672039822969,1.688268893660284,3.5736851786945065,1.1835027642392082,-1.0218537871403897,0.61017500983822,-1.1388358593529353,-1.88581781509146,-0.16231179955235558,-0.4569987456870684
1.648445197236497,4.232962075754283,-6.024084283905578,-0.18190676297728564,-2.739817722861747,-3.049474279125622,-1.7186675317014455,-0.9212267296236417,-3.1429916868708943,0.11464472273982217,2.4976831459460946
-4.404377689911412,-0.9424141268541306,-3.3881918244804825,-0.8645410566736506,1.0587748178562926,1.5782084913020313,-0.84322813421049,-1.1123920696510448,-1.016244972518712,-0.12075915629984596,-0.45268534146570616
1.9399746713318502,1.1183611558843003,-2.865226233777379,1.3355458869984738,-1.619535205740988,1.3068076555586992,0.18642682030277283,-0.8403436033138973,3.416118234077444,2.0646080642174045,0.28922018460860616
-0.6772527172085624,-0.8682887382470007,-2.0875558450296796,-2.8827808762113896,3.05992986135384,-3.6032099057983022,1.3917412601067525,0.16598444947199636,2.156887797045261,2.053917469709828,-0.48719257523660436
-8.47210634786705,-2.224317796678521,6.456947489441801,-1.3741108417941694,-7.863937971670686,-3.485786527357521,-2.234157807583404,-3.065962821247765,0.6215141228455242,-4.336010521539435,-1.5482900136917255
-1.0691888487664318,-2.5246965135051433,0.17953626524605867,0.2552268927638687,2.0065831320172163,3.148898172844543,-1.8211792684845929,1.856273549373245,1.3248997183035707,-1.4250579981593479,-0.31465640638211295
1.594662952579289,1.776835529772306,1.529718768770552,5.059470808345777,1.0632748811352382,-2.593024030156415,1.031610733654856,0.24289607084243514,-1.9755982849669704,0.7771380713648913,0.11668401575411506
5.652362991816176,4.269821933485432,-0.9301198620152182,0.03534160254602601,-0.75086508446154,2.574272503725665,-0.25832653154059687,0.07002682264855692,-0.45107493227781037,-1.5369001954572978,1.6695095354445364
3.632350841917906,-1.9642091089905507,-1.979360439852675,0.4455434909009183,-1.3027810021512607,-1.3084308923009742,0.7612236730535978,2.163239849173667,-2.5006185861557695,-1.5690875880086597,-2.9221505835899823e-16
2.913883390971329,-2.183961145087037,3.8750594441900184,2.74103822661939,-0.0012495774675690765,1.5475027284862997,1.4098877604964049,-1.7048228866037523,2.0831430646129916,0.5126231145926269,0.34098103526495377
-1.1063915218388547,1.6678655829984097,-2.6463454107972253,-3.6613051587823393,1.2132810229245314,0.9188688642220897,1.4742088567615548,-2.2663416807373626,1.2019100556746896,1.9246957678492413,-0.46993895835115523
-1.9700131074292944,-2.2567038778959514,-1.4683560069770867,1.747677613287129,0.42620055310768473,-0.23890457857418138,-0.049922505323920535,3.7492946835274483,0.530526296621343,-1.254367448058838,-0.28877598105393903
6.140916301743649,3.4409659747871006,-0.8620451977811495,-0.5486386533346354,1.4463249759948882,0.41661357834782875,0.624822091978132,-0.9761614544000383,0.1134957487461747,0.1314131259458367,1.6350023016736381
-4.591158908998624,-2.012313845836221,0.2863769989998806,1.140354442499061,3.17993545303864,-0.7138879999745622,-0.41595733034599613,1.0199875925602042,-1.018857230215638,0.14616130518647577,-0.6079678934347481
4.261434756819469,-3.2331057763972164,-0.21567025004721324,-1.751038930232269,-0.3798761565863956,2.812991007787653,1.7547644418786845,-0.9568048222221095,0.8404107302901488,-1.0261779079171331,0.6670743943999422
7.017626437281236,4.786034132409125,1.2006554103981777,-0.24041932491865037,-0.6295228794052471,-0.17592141049611013,-1.8708121681403709,1.989635287544006,1.1212269488431321,2.3414277732740585,1.7126435776581592
-1.1687818394984435,-3.5973023144852387,-0.8125675551081332,0.41641293272750063,0.11943569347472534,3.8456212247259964,2.4573304110735936,-0.7746554862117965,-0.654727103816295,1.4158649697507113,-0.3664172570384603
-4.442315292164693,1.6240718250167927,-1.6285091917469943,-2.4267519493044536,-0.4222247444449825,-0.9171971589075669,-2.2354676100006543,-2.603980335280386,-1.9723243802873502,0.15478237539021805,-1.3585002279517853
-3.0743797299909805,2.5394002227047445,-3.495691412049458,-1.3231855330860922,1.0982800049479173,0.6670721045817177,-0.2609411830661057,-0.6257875202019618,-2.712152768162475,1.126929313862833,0.686053372973936
-3.735238139822777,1.914799373305164,-2.1929551737886794,-3.349063520608492,1.420478700098915,1.5602999268485818,0.6397107418408786,-0.20526204438390122,-0.055886448440019325,0.5061532827879058,-1.2549785266390903
1.2406623478123848,-3.374889995911758,4.30412076783656,1.9276109906535226,-0.20219870619553085,-0.2734655530218909,0.3311332478805017,-2.3558087527172855,-0.10674766620140659,2.028498674150722,-0.09035938687127425
3.5318859608713584,-0.1789217244448647,4.1437817336157385,-0.31104378651830095,1.7064774139955803,-0.12070061568444845,2.469700961939617,-5.407780334789254,-1.9609293850809746,-0.26204899540243765,0.7462684959041536
-1.5163950423734378,0.12936031876045687,-3.0901446632346805,-5.114958446328912,1.9501460645181496,-1.8470059216404684,-2.334538596827871,-1.18873052035596,3.0866500996805595,0.0017074351943581034,-0.5579324044669458
0.9279278796997974,0.08363038732117035,2.1264678322083133,6.104295033884725,0.143880820206103,-2.370807518733073,-1.299019767561269,4.090366897195435,-0.8459210790682589,1.4978862410784937,-0.26289555572576534
8.169847225162222,-1.9120059374426344,1.1610243621413585,-1.6383374702879057,-1.7524218370239422,0.18284006347887596,-1.8466604523179264,0.4899197982632478,-2.334671169754111,5.025346737690289,-2.9221505835899823e-16
6.150797049584239,-0.2519668794687249,1.7800747130785384,-3.658075672877108,3.0955510893515776,-0.43369986170693875,1.5355101134007219,0.7079809786415251,-0.6808706919688087,-0.23918265457860985,1.283028517210476
-6.804895806891402,-1.5239112646436879,1.1774928609381246,0.8659418021963243,1.8106564933935636,1.3152315739867921,0.5060134709624522,0.3811009376237239,0.9806477515472674,0.27361605292690655,-1.0393083155709764
-3.9535217388933486,2.8545079451654014,0.9283884800546434,2.9639803082811182,1.465973867015775,-3.5737309124695793,3.109690253017366,-2.373903074762706,2.813794085422266,0.7668896788254783,-1.0048010818000779
-3.16834263712995,-1.459721966057786,0.7665343943944758,0.9222148515591018,2.9378834481137495,2.660662266333809,-1.4178563374519146,1.7330005482810251,0.9817126339234805,0.0928668673371222,-0.6114186168118381
-5.901720966694613,0.37019103301942896,2.477338387671748,-0.9588697498528936,3.9720440430559423,1.942133857289993,0.5351159664466564,-1.1360929385733562,-1.0505561406588286,2.3795710595107518,-0.8840257636019342
3.274189173182137,-2.7026584961824747,-3.2551684355885366,-2.3074680845769424,-0.3523835424481317,0.12964628660937427,1.7556088954303724,-2.427972662119533,-0.04782721161791705,-1.9221561977344976,0.910350392484775
3.8599489976811663,-0.427363231026045,4.1707075089645285,-0.5351120511523153,1.0993780716363528,0.14315989484476677,1.8913839748079804,-5.61320473499541,-2.131814203537632,-0.6203410647123597,0.38411507747857654
-1.2419418519451968,-2.7556951386117956,-1.8329280131551335,-1.854669457810452,0.4042388481877717,1.8400381606653615,1.965878161501238,-0.09184873470071699,0.3108941578057257,2.1013520485423687,-0.29740278949666415
-5.187505559427386,0.2835071101118665,1.2775171028164864,-2.7494773139406607,-3.1694063949245037,-0.7965505380040416,-10.355120090860117,-5.3149420471914635,2.50458484409879,-3.184404899340071,-1.2463517181963657
-0.8002144784433238,-2.22270300732914,-2.1935417625205913,-1.9608310321692761,-2.765546597614738,-0.6745365445841792,-6.419588655130246,-3.7111499089491815,-0.0888749384217347,-3.9336066591149703,-0.5286012557616822
3.002899729729644,2.2982132936498965,0.11551526938458033,3.2130877645265743,-0.04837334609601983,-1.966869158700509,0.2674830996300499,2.3134052018157276,2.236327566170747,-0.8963591856829063,0.28922018460860616
3.423780468483956,4.010369441934842,-1.2722005964658305,0.19866227722547755,-0.8847908380802636,0.9014431066211415,1.5683787231920039,0.17854787120881457,1.1918725259061322,1.5206124345528986,0.13393763263956418
-0.6155818001524476,-3.6012257000535253,-2.8003209610532025,0.6415526573834452,-1.1379463524044218,-0.06711773038681441,0.35449925524824577,1.8666274890764014,-1.8741724095012517,-2.593676409921106,-0.1766274712985198
0.229088557999197,1.362782076193267,4.439674175887539,6.2658392644626835,2.3602238571181493,-2.7139432474505254,-0.4658242647705551,2.5372381272130777,-2.2816795881355736,0.18181763379688856,-0.36986798041555025
-3.631124719099352,3.7812772084074657,-4.017550066394452,-2.0545628106156824,-0.3203522081686223,-0.7510834276742471,1.2093664463969953,-0.8910391185212891,-3.091134379979188,1.1078458449328072,0.11668401575411506
5.281897123727432,-3.7281177613518204,3.864051107817862,0.5609646475811509,-1.4158408777811227,0.9004444105206714,-1.6129868181145637,-3.906120071840998,-3.7056110044668467,0.6252996861379784,1.627427963860926
-5.256675343844623,-1.84974592055084,-0.7363297189696938,-1.081323058004417,1.9098983160682677,-1.4981419538496275,0.6701403337734307,1.5322379203693899,0.09731875155125683,1.4805610498400312,-0.7132149564359878
5.117829139630065,-0.3726309298808181,1.404859047230746,-4.068565897042167,4.488624078767161,-1.7697312800877485,0.5585233554326798,0.8441261476826416,2.496031153659883,-0.07772105437878331,1.1196022580715017
3.9450212642630964,-3.6121978513589257,1.9447990290791128,1.696582342311695,1.2434148896305524,-3.8927260351554276,1.0144323892524412,4.471317024480933,0.1027987107042869,-1.240447830283695,1.0217397430972344
-1.4338207900716802,1.8141556479125929,-5.094023178348528,-3.8220659999859987,0.10425510154291844,-0.6662195978216914,-1.5576706939744938,-0.17920104112898463,-4.265518528956849,-0.12190926911077461,1.4797197497045962
2.1738240578289267,2.822083504310026,-0.2838606998930621,3.078526730228375,-1.484965214508436,3.605086771729078,-2.172133283566371,1.807459830766988,2.158552413476717,-1.0848309354338304,0.5135172041194449
-0.8406778171213389,-1.876744157302045,-0.4120412394214142,0.34476083874269964,2.130097638739166,-0.276342802354814,-0.243529891094715,1.7041917032827691,-0.2638183842965599,-2.628666141926802,-0.13349342908489703
-2.5615099738890543,0.5328656232190911,-0.2642799922008839,4.404941706267596,-1.141422133032337,0.8809348930826416,1.7674771549455008,-1.4951727579896985,-1.845848687592735,0.7974228780062272,-0.7977576791746886
-3.931869389596769,0.9384293674192309,-2.5197452921173293,-0.8437015858757123,-3.201558755526455,-2.378134832763232,-3.0431798524243785,2.322964729665351,1.4032659736165023,-2.1225254256619195,-1.298112568852713
-4.857587010028879,-0.7008669222972911,2.2567043573387164,-1.1747767948460532,2.2833588368202897,-4.2548721380380945,-3.7004114568338125,-0.2557910023348591,-2.2811097506709257,3.207511638657394,-1.3326198026236116
4.087281762960178,5.8653171119721135,0.9289364715802225,0.8547934208112876,0.08165696013287266,2.14261137245696,0.4373439091754067,-0.4061695870872557,-0.6109574101323397,-1.4625799406037245,0.4272491196921993
8.406550179255005,-0.9141773878880455,-0.11628617055505083,-0.28393620100989253,-3.1170250010083906,0.17029737865188074,-0.8187974690108134,0.15437223757501004,1.702084925059671,3.597440635060088,-2.9221505835899823e-16
-2.4327017939355935,3.7178986440034247,-1.5694663465501295,0.46098725341389873,-0.8921677308675615,-3.726454293445572,-1.8789983441672946,0.12218614730546588,0.9580795447530636,-1.9598706200237637,-0.43543172458025675
1.7941551371712885,3.386389385424134,-4.3769419903982,1.592875317557386,-1.1355381726060187,-1.529479513074071,2.2018988852180983,-0.9646451178395817,1.2403498260301782,-0.8352841329656464,0.34098103526495377
3.6138280049137648,2.661132418146302,0.2670527274041549,2.320539913148302,-0.26381188023992613,2.8428999054070685,-1.7392713364853827,2.427414018697572,2.010860582306829,-1.372733734519484,0.5135172041194449
-3.131856997892558,-3.9055451457867147,-1.7277534100120666,0.8217162601193828,-0.6464499635601187,0.7718758393243728,1.2780734444579507,2.7189413998470626,2.60330765730185,0.07831187060432514,-0.7891308707319641
-5.802768236743757,1.6342628822699705,-0.5146356706425944,-2.357328814566049,2.4484692671367996,1.4050862693243433,0.1912701026098547,-2.1878442215457996,-1.6972762572050841,1.4843720512601974,-1.1773372506545694
3.780427602005374,0.26223408202607545,3.251990617728289,-0.20408966586639266,2.8082711459662715,-0.7560487499493445,2.4984568104099734,-4.436707244160102,-2.1567091946174215,0.44013964624779456,0.02610252710550753
2.6147601857448266,0.3184156539239099,2.6268665342555475,-2.259761619856074,4.589564079730995,1.120486723499368,-0.2597223394721099,1.5833368858571522,0.7379131081008359,-2.104372106343445,0.4945382255454505
-5.562353373249019,-0.796801565943453,2.0796272309063326,-0.5552007133508645,-0.7352181499893903,2.97130580825558,-2.036500529111611,0.6444193914546686,-0.6165299267907582,2.3026271841897037,-0.6942359778619936
-8.7972400149526,0.1386343983199427,0.7394512356958208,-1.2591607679834316,0.7469803409182505,-0.22370847544685674,-1.6999513189938544,-0.7816342100497112,-0.324532455883019,1.5325168864674663,-1.9278695851716066
-6.401774324380697,0.21384560487321172,4.070014087537324,-2.9703111643197153,-3.1802977493200957,0.4335665559988092,4.030011234244256,1.8364510158512137,0.32841395674808666,-1.854193679805635,-1.55691682213445
2.914992394937392,-3.2415261881338573,-0.805930893829879,-1.0607223434109512,-0.825190042541764,2.2110033521569172,-2.2481310888161183,1.2949768112915971,-2.653325615124971,-0.4215347576003537,-2.9221505835899823e-16
6.610792852977469,-5.067764120872219,0.6970388851565958,-2.1220421747587928,0.4285594346594888,0.7756777144106125,-1.421896895273579,1.2531317475360613,0.3584341496915204,1.717313025035274,-2.9221505835899823e-16
5.754702857368168,4.718267864971278,-1.5811764835222455,-2.164942836157092,-0.6890718559423366,-0.4617203305261266,1.223429023371719,0.4653739154731359,1.8932667574779565,-0.3250170232391586,1.5142269834754944
-2.95575818227931,3.588860741864578,-2.432169528051365,-0.18592256716057928,1.1208922025094168,-2.317581968311507,-1.5591768667920898,0.5942895737013485,0.7058427759634667,-0.18500548071517134,-0.8236381045028622
-2.8545803016792703,-2.4536684948794796,-1.555783377137819,-0.23261198962322246,-0.17682788195566296,3.966360582490051,0.5537803879405075,-0.38844350055434473,-0.7617875498285624,-1.5743216076368762,-0.5044461921220534
1.4584595663721402,-0.74498054741665,-4.317522734608915,-0.46574139455551383,-1.6699279238807883,0.6379273953600693,1.2429365685815135,1.3137353184567024,-2.8339340569672404,-2.95884729129177,1.160527837323787
-7.057659918356325,0.08638963672866361,-0.9046653323612109,-0.059251099310016056,1.6377957849350337,-3.799560102777924,1.602529639641088,0.6568162491196198,0.012297472407217755,-2.134932239856857,-1.0048010818000779
-3.5371172404359768,2.7828869853861824,-3.3069178262520187,-3.3274586730232496,0.7944043527749155,-1.662015979802694,0.04214578411915489,-2.408896242827635,-3.4813136806746807,0.6206667442096523,-0.6959613395505386
-3.3877096766517605,-1.557281991120366,-2.3199540374941083,-1.617696464045107,0.791291072372895,-1.8646548392927051,1.1351054316189446,-1.7327288737490394,0.2846089102388767,0.7218507244095982,-0.8805750402248442
-3.0250756028447805,-2.2375411211571326,-0.9250429192791543,0.10489760549383728,1.5548088082947369,0.10921027878147335,-1.6859605852881951,2.730462192538021,-0.09845645257080568,0.0751347849405259,-0.4009244908093585
1.3340749079279468,-2.4263874991956556,3.2734882160602496,2.5976318369841658,0.39167216642147124,-3.9043580167380334,0.8127188349441584,0.2707418776436419,-3.1343807629466367,-0.6624758495448271,0.7464410320730078
3.5358843194308776,0.35892197144859767,1.2570245455815594,3.139641310076618,-2.5927210800451963,1.1683241406650884,-1.401239250264371,1.8108138459471363,2.2882549388553532,0.6631006687281545,0.5825316716612413
-0.5357745234040039,-0.9088584170088746,-1.1980792432342289,-0.7720246726195454,-0.6395347130439725,-2.7560872194847654,-0.05456937461338885,-0.7868278346668477,2.501404717932301,-0.1738551089003451,-0.211134705069418
-7.234496082168093,-0.020417768408055335,0.022603158730303857,-1.0788886588232605,1.9812560782754487,1.012570520085932,-1.0429375100523135,-0.8313297218737473,0.48829690635911677,0.4938930017363557,-1.0996959746700483
-4.774843901498769,0.2991836050725431,0.8864167293292855,4.932496419793083,0.31797399811564686,-2.3090224903958707,1.9298970917858607,-3.971669713077114,2.702512950759077,2.1365562593197724,-1.5051559714781026
-0.30563348035171817,-3.5091338016981233,3.6802475587335675,2.12603789081457,-0.056609545131547874,2.056914603543199,-1.4614256732599347,1.2148745596876502,0.7602603588907552,-0.8842902453209956,-0.22838832195486714
-2.1416633098160123,1.096199691374205,-0.43878495827144326,-0.6490465544792864,2.491806116820762,1.0442940827455476,-3.0409496392673794,0.6391844429843676,0.29332484361562267,-0.5156738493721496,-0.9185329973728323
1.2066222746903303,1.1266061503942904,2.4374504249970963,5.537278221040997,1.344012022938257,-2.896590622798316,1.0560858619354412,-0.1427917968062486,-2.8032542552972353,1.3860900177523359,-0.029971727772202368
-4.064807045396322,2.155796719826256,-2.0417005094476206,-2.160074958717193,1.3554861844313093,-1.2612803807665438,0.6060269969249108,-1.7305948231834198,-2.6368025045620733,0.9060109309672391,-0.5182490856304126
3.273502557365736,1.5596278527844931,-3.7004512357968324,0.7050501142731466,-1.7440631952125385,2.7012682762734683,-1.4418517225451521,0.4477498955285195,-1.7133817848954371,-1.3857927558196619,2.135357191351663
-0.4134376066159225,-2.2687692329288036,-2.601364842864739,3.0164262008994784,-1.6168153841549997,0.7464754400533404,-0.8980358890651744,-1.2750561916994065,1.0671091939208217,-1.123914139560717,-0.3319100232675621
-3.9942824751143378,-2.163957489250809,-1.3937753396596118,1.4037153285173174,1.054448948183181,0.1092676188881685,-0.6957476412431121,1.6506363267683475,2.365958171133007,-1.6517939507282515,-0.8322649129455868
-0.09811294823946874,-2.165568666510858,4.2668097130022735,4.1326036192049465,1.9629890975363218,1.2310753092693638,0.6533080911724546,-1.9848502949523232,1.462110053777014,1.153754823865529,-0.3836708739239094
6.537638102992854,-4.079342517971916,2.3290942233973104,0.43022953413336257,-2.634427914551279,-2.821718265882519,-1.3286103755238263,-0.3995753240926051,-3.2301105582549776,4.754410929903468,1.79028485364268
-3.1562848157413264,-1.811389163920072,-1.6134769960527386,-0.4974080051439192,0.9114476774789964,-1.2933110966581165,3.01508185200623,-0.07729821589376268,1.2259341474204366,0.26134921191555616,-0.2128600667579633
5.707863724794074,4.233882661384212,0.05963596216873707,1.3246581405995268,0.35649714097838,-3.9708024015840038,0.23457909439391933,3.536093684382043,-2.2138135481361165,-1.9273966847767117,1.376198048391901
-3.024815735600742,-1.510927334094877,1.6547796015780314,2.2449288210497045,1.5923176132294086,-2.4660300394744814,0.7631614876599365,-1.0381298005145954,-0.5843303133785873,-1.3473395084483608,-0.5216998090075026
5.338060074210868,-0.8634015221470713,1.253513116394119,-3.2788764087162763,0.5711736859569597,1.3373891550873394,-0.7816764338783967,-0.7947323941082403,-2.5598848160834224,-0.12586276767236346,1.143274220438338
-1.5704165979304925,1.5230063310734454,-2.7903553682232225,-4.3091066279001,-1.857166507285011,0.6256544104359046,-3.8689525371310713,-1.3207602089986699,-0.5815263395126661,-2.3574677902489567,-0.1766274712985198
-8.043644046369558,-3.4208197721449665,2.552830745355162,-0.1265771796046761,-1.857854060268459,1.7117047351370944,-9.056112336349043,-5.4107135449635635,2.7329934063466688,-0.2864954157899952,-1.6863189487753185
-1.8807158372330377,-3.028361710186306,-3.3435138485241986,-0.9583242524728687,0.02769662438612582,0.20669754587251804,0.7844990240511119,0.9556068589171737,-1.9524030965917072,0.10770483039398798,-0.12486662064217247
-7.702560376941457,-0.4998158661475643,0.38050169269308043,-0.1400859332972884,1.31844092955745,2.8719168154019976,-0.3288246841162103,-0.44231882568149195,0.12069563933718215,1.373244149990183,-1.125576399998222
-5.3653354643775035,0.8866074365023906,2.4692244907369547,-0.7395100675086839,3.3317374105811033,1.43605313983774,-0.8838864743130381,0.8849018766346534,-0.23255755227568506,1.3047199057701917,-1.0738155493418746
-3.9446333553989725,0.19287299801602403,4.218605534180452,0.16534225282491335,-5.821039343547343,0.34914937292531656,4.469353490516575,-2.2984224599232137,3.8771015524203736,-3.93114641057328,-0.7373700200756167
-3.8014617125214825,1.735401599777538,-0.19381987618902588,-0.8383341493498058,4.016950851028379,0.4413961925384512,-2.5951439274717245,0.7388108363785167,1.5839772606867464,-0.23554388743480717,-1.125576399998222
-1.438340548218718,-3.054745866901099,-1.4438742015235484,-1.580436377355461,0.5228479851983173,0.2878618044921258,-0.06803680018024888,2.9278380027816353,0.23649088626694986,-0.20121309184910693,-0.055852153100376035
-2.5021022416404723,3.812436715636568,-3.2285375723818324,0.5535224518331266,-1.096160718121951,1.9647393781801783,-0.5285940279851743,-0.17757696493029584,-1.2141596028953283,2.33193936308547,0.3185513333138695
1.1894415773985976,-1.855569778247448,1.0271374823638062,2.9888893992798735,0.08515804766844946,-0.6890590944364408,-0.6814926602213239,-0.34936896869362544,-0.1683108134795093,-2.7750373905137535,0.04766954821231862
-2.191721172606471,3.7635196123577015,-2.948786065695099,0.5361198044750838,-1.7479544108623706,0.16948967008166743,0.20327304943929633,0.28128149233160177,-1.7686510956421848,2.43648752301325,0.07354997354049228
4.30441717397824,1.2982380275199141,1.44131106754008,3.1033870855865944,-2.1481257471826307,3.9267352387582553,-0.48411170430183303,0.9386622286164213,0.030614547936949565,-1.3527478381267104,0.23745933395225882
0.6971431503024393,3.2766244231949755,-4.845644926321304,0.2483454794102963,-1.8691760578915628,-0.11669402399539762,-0.5963599944723045,-1.108340305084726,-0.8027120288672417,-2.1038052484135163,-2.9221505835899823e-16
3.581681387150325,-3.107866273379314,1.49470745660069,-1.4844958831937747,2.012471431895559,1.3602492242620758,0.9249635048285414,-0.33218324553068784,2.5289993292512003,-0.6823944179697664,0.5825316716612413
1.258890627164871,4.070107816814369,4.2533718478958,2.631631697564973,1.6350023008066357,0.978986433404284,0.7970386325047181,0.2902857666383727,0.2035583716667422,-0.7178933544478885,-0.14212023752762157
7.210304478010772,0.9425676109233599,-2.3812022840975517,0.4636683660348953,-2.4244270975785667,2.0504791047355564,-0.09155978539933518,1.3145051117777153,1.3508889911843025,0.8531079386808244,2.860009100540526
0.6156745865255456,1.0739753091357869,-3.4088053335706014,1.0519403408775037,-1.4557150857156889,0.5677419886577021,-2.856095113926735,0.017659367730060167,0.4791378083609297,-0.6936552936392697,1.1173937951101642
-3.450422336692675,3.8359122828875107,0.7677213049204291,-0.6601201980926179,-0.07604857624981368,-0.2545647461210215,-3.3084685574536428,-0.8384851588393776,0.5804039595513705,0.585491430285829,-0.8926525720446588
4.393365000927124,2.2933456080216468,-2.5850540356976253,-0.3705054142910035,-1.9150823690059235,0.12571365846348984,2.272291130611419,-0.9843578938276263,2.281120851787264,1.302806087564362,0.375488269035852
3.5707903627809934,0.8696314900805994,-3.985836610138659,2.413101725829821,-3.386128923542196,2.3988641911345496,1.0145365327132738,0.9157563890332795,-0.32381242430189555,-0.9476268900713145,1.1173937951101642
2.7273730312229705,4.1033465737135355,0.22888088686354865,-0.1775534427888475,0.4011947553561935,0.9522358148464337,1.176967930815968,-0.9654480149466222,-0.6772870623662414,-0.3160968488471303,0.10805720731139051
2.479549372910718,-3.1006166808561924,1.2847289172882148,2.5656980764472066,-1.8677628737040408,-2.543203062881323,1.0055761059942305,0.4182452619619286,-5.940431076340342,0.7219878679217201,1.2985567724073799
-4.13383399065276,-2.6410896495262612,-1.988403879632766,-1.1208496693009045,0.7559162137125398,-1.099896654840171,1.465574419277116,1.1043106895587993,2.2718494235518594,1.3147911180805085,-0.590714276549299
3.9188913143615056,-2.3633801542817117,2.191809478900044,-2.1305762222035645,2.3532664162573083,0.8093624501555938,0.13403468985705605,-1.5146469503157005,2.2393553392812064,-2.094260886274386,0.5135172041194449
-6.251520561626343,-0.3486953407245243,-1.3379169914620872,-0.6708009885161463,0.15311545585747507,-1.5764715225225505,-2.098815979248101,0.4380924590076095,-0.8325983684921987,0.8404590831416542,-1.0048010818000779
-3.088175881897864,-2.268194733074152,0.6580294140612092,0.17540165402796098,2.311594513128254,-0.028574325012252298,-0.3430465996908015,1.7091604357902885,-0.7193290512362872,-0.22176877152871516,-0.7287432116328919
-2.360033601998438,4.44199697281365,-1.1787448454041696,-1.432752186770863,-1.7181483938296906,-6.052062407001727,-3.472387628614591,0.45072971518405525,-0.10407223705554722,-0.004801995215657054,-0.5734606596638498
4.093261255363799,-0.49028313064979695,-4.468414181511423,2.1004249069957064,-2.8358110075361926,0.6798514373130398,0.27652687219248523,0.20371457440408344,0.7772347536691255,-0.07196765936590108,1.376198048391901
4.91081494550868,1.5304731223799326,-1.2504769689467887,2.6104266229877076,-1.4734510251742183,3.7876252374521937,-1.8165891976010362,0.3759636534337611,-0.20480550208567222,-1.6495211730306218,1.7954609387083147
-4.649901942702843,-1.6151107165542489,2.557698977010396,1.622203201502542,1.7882515632672822,2.8361868312250738,-1.4381288392702305,-0.9090673926778887,-0.3857771013993843,0.6890894814240811,-0.8581453382737605
3.841448794672604,0.7239301939785963,-0.9917504683247172,2.152254352376071,-3.4221478748312095,0.8696559846426687,-0.3108466326060181,-0.707812448187011,-1.6871435579245544,-2.9236370081022347,1.2036618795374099
3.533796465299175,-3.532635561160727,2.2913397221433396,2.1998172262371494,-1.778218871839732,-3.168910281300654,0.6816345118247557,0.5050494174300992,-5.083414578732861,-0.19666177279501895,1.8592993211844766
-0.7119804917509095,-2.478828485292302,-3.491732222170556,-1.8249415804023947,-0.005143259153581043,-0.12699540903627102,-0.4822929848724766,1.0996990571331127,0.27104765342180287,-1.0454231258221636,-0.004091302444028705
1.917942000833225,-0.8097786436502536,6.272028672349607,0.5738045475511582,2.3750524408195814,-0.4269464569025718,1.1631463224679959,-4.72850221665229,-0.05191861445374134,-0.6464797148158734,-0.05171128504786834
4.417141546111409,2.2011254607764372,1.2254503958858727,3.3307566676312224,-0.9194303922401483,1.0617509500832745,-0.08464602323880621,2.3991523440701434,-2.6662962231114715,-0.6273756727640418,0.9621112431411223
0.19681846041661236,-2.7755624272125763,-2.0695490671345858,-0.48475763884996254,-0.1287355064153382,0.20161323182297644,-0.3275234806443227,1.183830577371516,-1.5992187546095777,-1.8080581978626842,0.19432529173863605
8.406772692117867,0.7156703796990992,0.18807166491007254,0.5971555723394842,-3.199808209166799,1.0614017431794858,-2.0498386729013935,-1.6146609638449163,2.67499152628597,1.0049120316665614,-2.9221505835899823e-16
-2.4952852551143994,-2.387864556999266,-0.5636131216553916,1.494412914462269,0.3208017602196784,1.3632786488116944,0.04234976129814885,2.782539896623747,-2.057991269258252,0.2712843526517876,-0.5475802343356763
-0.6810051749894614,3.389789276994799,-0.8515393058504791,-2.5475198790127536,1.4459567540195502,0.8025817704602881,-3.00191492636655,-0.12369491334979961,-2.7517030936654683,1.777882870022872,-0.12486662064217247
-4.8727853920654844,-1.4580726473424577,0.13178644114748797,1.0368594477204625,1.740717754363022,0.6752635024628686,-0.7866915622069769,3.2945686545262274,1.3482713666559674,-1.224669019808522,-0.86849750840503
-2.092300058347992,5.474150408249042,2.739653439483807,-1.8957500452191134,-6.145133350094629,-0.6942020543836004,2.342581806878153,0.9983609088257565,2.789024881149557,-0.5823771656202446,-0.5389534258929517
6.362462744924698,-1.0201851372430057,-0.4451776893663184,-3.0673754793876964,1.7507632420848367,0.9935503642678155,1.2024155242553298,-2.0419400949371282,-0.2506136658651625,-0.7444835070001738,1.8075384705281292
-2.8625745169829018,1.354162957670773,3.3896483738935896,-6.38191112219121,-5.407480355665038,-1.7430701532641046,2.8536179899177365,-1.8506407749507447,4.3425705047894505,-1.4092619621658873,-0.9012793804873833
-5.388090397774731,-0.10734685584914527,-0.5010108654457911,-2.4235081803220924,1.8757792510236544,0.13899607405736264,-0.0018462200341760825,0.14583348981031788,1.5457010901865909,-0.6698894657328164,-0.8840257636019342
6.042983385613847,-4.540554381918659,-1.8935061830024658,-2.4055779484073105,-1.2445783688524086,-1.0566088064204566,1.048559239480611,1.1208702804652373,-1.3194976116863975,-1.0093791494399909,2.264759317992531
-2.0049203454779603,-2.6730403762929424,-1.0901593696451966,2.3542504084583755,-0.1734238631680516,0.3320841212376686,-2.420978745033479,-0.25421949255701665,2.441034032709462,-1.8924280962693916,-0.5648338512211254
4.129211932967953,3.3124439254081315,-0.025350172185681398,0.31474275155233933,-0.042195452856512564,1.3602771088273324,2.3976784028934133,-1.480540700113859,2.090127524357624,0.6695270505025859,0.2805933761658816
-6.1012495126204715,1.4637386029029285,7.005314013670079,-3.7695261877846873,-2.7440285483802476,1.191744649642538,2.1390690043907497,0.8393827425689289,0.008963551218214032,-0.11572308374055854,-1.2135698461140125
-1.5644627605251313,-4.166852291420529,-2.433858971145305,0.09020081195517941,0.09333410042452628,-1.1605781157756228,0.8612458450999915,0.9439023938478298,2.8611970454867057,0.735220762987458,-0.26289555572576534
5.9809755793752375,4.297856781545943,1.6504251207256129,0.5337212343797794,1.3162743500250649,-0.3732075997719232,-1.2147560983744154,1.3244317666254868,-1.2283626694541587,-2.065605874333308,1.7212703861008838
0.6021625946977537,3.3578297707880163,-3.1980603150397506,1.1401580756033662,0.36891603189550737,-2.124363068721123,2.757405255000469,-1.0483394331347566,1.6355063906243341,1.55296346992931,-0.26289555572576534
-5.0564976301678985,0.03804891771209136,-0.32961563338104766,-0.02335214248168076,2.4367614864108247,-2.8688743888727175,2.473153959383287,0.516343418435314,0.8281168413904486,-1.184514681288262,-1.041033677259521
-2.68564468959755,-1.4566730084470283,-0.19035089496389954,0.924635118152082,2.3549778267818122,-0.919603868063066,-0.15733136834381314,0.9117059431404335,-0.18558581132642032,-1.345660721099871,-0.34053683171028665
-2.950238476414366,1.059427061999175,1.4445950162287031,0.7732169839778594,1.8762516785168335,-1.642782003458556,1.6089474002785888,-2.313622439280037,-3.416270469013318,0.7707850678625149,-1.220471292868192
-0.777383283628894,-2.8743159703284453,-3.7293768165876844,1.5296852387272881,-2.8063376614160687,-2.427968145239493,1.5968434181610398,-1.7873414845561166,0.37523092536757435,-0.05760531340949643,-0.29740278949666415
1.3199449137156338,-3.425613372056954,-2.7295587979768943,-2.3363758152753524,-0.7337939068781738,-0.5349448310031135,2.394910896680535,-0.1096551647292564,1.6323543813087893,0.5818256563816406,-1.5137827799208272
-3.949708423372374,4.683545648920942,-3.632273626522245,0.04098010444872196,-3.348924267319731,-4.594224691874646,-2.319668683335734,-1.1290813190832654,-2.172293658963345,0.6254071568046233,-0.7028627863047182
0.09288802933283644,4.317924751786925,-2.535273989906688,0.3279939936627383,-2.2938403863857504,0.18174296346805013,-0.5435908675557721,-2.9394666610954845,-1.4899803945337655,-3.0510674042947903,1.8070208620215658
3.939438785076224,4.671923929428233,2.299390359443458,1.6424067802231064,0.48510668122203343,0.8733730282810956,1.9094679818017442,-1.0662156884690552,0.6301799911477443,1.401001797889835,-0.08345794011709495
3.4000209193077287,-3.8352756076245664,0.2880325629992331,0.13247640764693303,0.322850743529654,2.8476216140214414,-0.7164664813666209,1.3713850153652605,-1.886307082799346,-2.0839055315299544,0.7723214574011815
0.25063522061275256,3.174494924117919,-2.6452951323558467,1.7930995338065687,0.4704655338250577,-2.3771560305894988,1.931318336795678,0.19134582502760078,0.2918806653243169,1.3691424341859277,0.013162314441420405
-2.6712954002979084,-1.9619099965308646,-1.1757721999424946,1.576511638831684,1.7112208618419484,0.6461217085652041,-0.7776863007346819,1.7376793049206303,0.5007183355063453,0.008713230503833292,-0.46562555412979295
-2.633699964953566,4.376684516682592,-2.4178609958422963,-0.08179561218214393,-0.44474047864976113,2.143142549677535,-0.6690325420872041,-1.851035579816826,-1.1003444704921728,2.262002049459279,-0.09035938687127425
-3.1455521437328176,-2.318692462659364,-1.6753364679762541,-1.684896008110197,-0.746621083736386,3.798263158589669,0.9345460400065825,0.14117086532065823,-1.0954324876502841,-0.3281580177429822,-0.5044461921220534
-4.804033360427602,2.847519119804523,1.3686463679310419,-0.5922801278903546,2.8686229638618768,-1.0820310628580394,-0.46400975320373666,2.264240260871415,-1.6516211868595898,0.8687090702746262,-0.1863930184556841
0.5649532586666214,-1.6125769894092636,-1.7289845213581003,0.0880137280040718,-0.4465885633141859,1.283234010748347,-0.7340787790927273,-1.0210047521315195,2.2748208354940833,-1.3719934771863318,-0.09898619531399881
6.858599270036211,-3.7970068687471774,-0.09704258870228458,-1.9858088383554446,-0.45143572386807646,-1.160973514070601,0.2868248445675768,1.101218033873787,-0.565558509609007,-0.8303124055987098,1.8938065549553749
-2.314574445061024,5.388731404056066,-2.397210526550261,-3.6229799204752977,-1.5747447539509636,-0.4170977742372439,-2.7225710568334467,-0.8767408264832514,-0.834581920082148,4.976371402719395,-0.8322649129455868
-2.738889978858896,-2.783933728842362,-2.8431021675310912,-0.48228781060682585,1.5153204162433347,1.3682376943023562,-0.8774785220956656,0.7987799658326035,-2.4332053248771017,2.5188605154536527,-0.8667721467164851
7.218348910688191,1.3505757775417506,-1.550837740280105,0.06637049071176053,-1.139284424241761,1.6422873304502275,0.45279253516522705,0.494063818688,0.6471983826632309,-0.7177072804195902,2.5106233586101814
-2.074056706294594,1.859118058045901,-4.453962102706331,0.7076903750370213,-1.4229057930975546,0.7203267642679587,0.5002938668063922,-1.5807565186933465,-1.1004455603190504,0.21535614170491635,0.8585895418284271
9.243126067076398,-5.052639608421199,1.8645781759572364,-3.780402019609268,-2.4819753453501465,-0.08664633249691034,-2.955735598919682,1.6487047020743064,-0.8995218383869454,3.599753676210328,2.4976831459460946
-2.0942759453478255,1.1608492952649256,-2.1485886655624538,2.9157956417726965,-2.1252517018409156,-0.89003560355369,1.8610601025325062,2.497664290469995,3.6624487835140336,0.9673230995819299,-0.211134705069418
5.7495043389964415,-3.463067925954819,-0.4913723447252011,-2.4109547205178026,-0.3979647884116734,1.4013842534358678,2.4744821982605343,-0.09931722353184494,0.15554948018353643,1.2763193249563196,1.555635664000572
0.8528577002731828,3.2799951760907646,-3.076071381130898,1.3788175214423701,-1.4210691267159739,-1.2108013262282102,2.934041567559811,-0.12873752265723373,1.4521820566347408,1.4741279802924894,0.013162314441420405
-4.2464174897563,-2.0573971499313686,-0.5615428557188509,1.531096362459951,0.6685448601002586,0.8947577527520764,0.041083490781550235,3.23942425082277,-0.9392725139883488,-0.5297127825810676,-0.6511019356483709
2.3103667550099294,1.6901515878649815,0.8559132857438461,2.595899673429114,-2.4249576202730383,2.3767954528967072,-0.2533177832702356,-0.9685708581808969,0.08129110731018843,1.4323473035759267,0.25471295083770795
0.2960648682792704,-3.069949928628925,3.687633774848611,2.1238570721245877,0.8487135050046108,3.080763462273177,0.4683826524338081,2.1373066487607346,0.07192943836055428,-0.44168180878256197,0.09943039886866595
-1.552158004960521,3.5295474689557476,-2.073409182788415,-4.423667542351122,0.9943589060460493,1.6442155366475697,-0.11218755993467948,-1.0690639339436876,-1.9463543708914,-0.04984793865542899,0.25471295083770795
1.3420388347649885,-1.3992067245228912,4.561198815965099,1.5692445339539733,1.5743867855801021,-4.209240307133382,1.4015400701872558,0.7400500656174137,-2.4669978657750917,-2.2834372077208487,0.1856984832959115
2.385502571741152,0.14828004087612776,2.016606720756242,-2.181394069359115,4.546849038718516,-0.9568904152326595,1.0029854230334556,0.22653807059709918,1.2648677010820328,-1.110037501238898,0.15119124952501328
-3.929131155408628,-4.157842457727777,-2.230872420114641,0.682359002776492,0.08153459322748943,-1.066464270896343,-0.17300982987773347,2.3203609137275736,0.9916406468581007,0.31643849508113175,-0.6511019356483709
1.267367679834828,1.530227525509329,-3.212924537577129,1.5453622068799948,-1.1427650108704581,-1.9216703017056826,1.3339899759335971,-0.0396569198727528,0.75753560590349,1.408327306318288,0.03904273976959407
-5.514824857241027,3.6808262560391434,3.100970659463807,1.0014878130208982,-5.5536050926112495,-1.1811990846284677,6.038008208009117,-0.08645011417361621,-2.0095706557582083,-0.3998488671016,-1.2636053350818148
-1.7046709877209125,1.2175140550299017,-3.6706203031380515,-2.5718358868403435,0.3797878455169871,-1.2048652332019185,1.6278887831170783,0.6568241194168061,-2.269780253587274,-2.106293021461707,-0.4544107031542508
-5.439733874839297,-3.043965612983105,1.0273629980722427,1.2680690085136075,-1.6029061485669212,-0.7562464430275699,-4.563682961013172,-2.068157983390359,1.1458368618060417,-3.5020209672298246,-1.0996959746700483
2.8949889018578783,4.482294233348566,-0.324741399285147,1.6608383984450377,-1.047285233431368,0.20560078040655339,1.0956133738723937,-0.18431187170379293,-2.3703882397445506,-1.9561990961358975,0.41862231124947474
-5.848968838430236,-0.2147739066164603,1.0210362200296945,-0.9484172851419571,2.83704872714489,-2.6704227529465467,-0.03943817125932794,0.1873880842321293,-0.35207762011060734,1.6195253969999601,-1.047935124013701
0.008863181670408305,2.409393676834956,-2.4932052603493666,1.0045579890402656,-1.513860509391671,0.96103070462718,1.8029906600486385,-1.4869908709963109,2.5196696436997597,0.08507651865216541,-0.012718110886753259
2.0395549560396224,1.5721015335145176,-3.038215411318461,1.866739614885797,-0.4885878570212021,-1.187106387070089,1.5077576042083387,0.4357771527126494,0.5952993277038952,0.17210413668577992,0.453129545020373
1.089124425358017,-2.5146593835510047,1.403713234355287,0.7818451164305513,2.734790671149668,1.7456539199513479,-1.3094349643176653,3.663241430551964,0.47693587758852785,-0.9400304254623209,-0.26289555572576534
4.368827428728542,-1.3546588429201485,1.8226861318482086,-3.0417907632036445,2.783122779145981,-0.9369362072594545,-0.8146856400404138,1.0148119975675336,1.562542619625923,-0.282837482162379,1.3473500009594301
-5.077743769963841,0.15523597046706117,-1.8330156066807164,-1.5770136833163355,0.46305400372892097,2.6600305993492097,-0.8456888873730191,-0.7438172853714577,-0.5014345044404591,0.982307346677493,-1.125576399998222
5.0089139250167305,0.47641427637214506,-3.0555238725171883,-0.5921531261986483,-3.558005088903478,1.3738537102805772,-0.8210009340421126,2.2298439077161687,-0.5831353446881434,0.10851340003669269,-2.9221505835899823e-16
6.360771637575698,-0.3240014938023708,0.10577684028357234,1.6418503016082222,-1.9540020636109594,2.2148166122329194,-0.362380213167374,-1.2535388535602832,-0.18345745697072835,0.5899927329336252,1.5746146425745662
-6.490638273245947,-2.448606397055192,5.448593066082106,-0.5024922598169488,-4.754297457198985,3.9717485112891033,3.724569036663483,2.036972783438568,0.11944252650112892,-0.3897201842897074,-0.9271598058155569
-4.801456391503338,-2.222325054969832,-0.6081041257099652,1.7688928045626278,2.249029827967327,-0.5599278124003946,-1.6345409877622281,1.0607040319371404,0.6320594233305499,-1.0413519899722379,-0.8581453382737605
6.874508685262987,-3.990645497472248,-0.5120887833475918,-2.4462555243508985,-0.5907850880977982,2.155415400765597,0.7391382666070865,-1.2244185804880179,1.516186365712326,-0.5025831015282692,1.9800746393826203
-7.548334780251189,-0.06922298308065539,0.12244154258049343,-1.4241436990867054,0.8784727154493797,1.4032921136674257,-1.3415981388836344,0.8778017075205794,2.2461408601315256,0.19121300657475596,-1.5051559714781026
-5.676723441947687,-1.696163468932246,-0.2499935746916413,-0.8195848088714223,1.7099485346633956,1.2749152086156024,-0.16210515332304953,0.4282923569092432,1.1218249403628557,-0.3608996684769899,-0.9012793804873833
-5.351280282861977,0.9742609112276364,-1.6565867255573725,-3.1760109710476336,2.4032003372906794,-1.973044549966861,-0.3403597424292624,0.05083292553924514,-1.4815547409636982,0.207374887267805,-0.9530402311437306
-4.283455135328251,-3.6274804002880563,-1.3783246479530644,-0.8489021917008134,-0.26284108612100887,0.3746661319939318,-1.3265730387284524,1.9586212221934411,0.21210264145217228,0.19697103779418146,-0.5216998090075026
-1.4743886921005298,3.339218536906852,-2.026239855193387,2.1343244197704325,0.7605992993223357,-0.6917235148825897,-0.12967012627324997,2.404123512515915,1.3828626584956791,0.006886241165021834,-0.28014917261121447
4.803046262912536,-2.7544817682988345,2.9045619373538423,1.3504422344069102,0.65370802534724,0.264334844161704,1.4111478856691742,-4.281861890543442,-1.0247352254205424,-0.023072954359667247,0.2693785251903397
4.279694405564949,4.558313236096085,-2.382681505513049,1.1000860539649064,-0.6697313319313911,-1.8645678853399974,2.4038436607783535,-2.17668068816308,0.8045342269454353,-1.675401030926871,0.8930967755993259
-2.12669946645827,-3.504263172592186,0.2224066537607792,3.5564248695572727,0.5093063852987292,-0.9379614342128448,0.37304839456366307,-1.0754663746657105,2.012278570301519,0.5980682393117466,-0.6079678934347481
-0.31339752261083115,-0.3077963969883707,3.772622229039108,-1.5451964983993793,4.3128253630732125,1.2277171358047012,0.08570527411275443,0.8142534681990832,0.5275005986817184,-1.2543115265662994,-0.5216998090075026
0.9039038674373119,0.492508308351833,-3.440855206470581,-2.5316904897863335,1.2683488696127527,-0.0673080772431807,1.0745076865342744,1.6988869311575605,-2.08867436902773,-2.2688851076720793,0.16844486641046238
3.246209288375485,0.3456779747616428,2.5234391687931064,-3.200417933758706,2.435130841899473,1.5066242672546208,0.12731087791326073,-0.8411655971752567,-0.866178977385358,-3.1393993574638825,0.5159499641002933
0.3101098979816389,-0.3298189243029328,-1.3327067105610053,-2.533088963708996,1.9040114612804862,0.6355714740398845,1.9435240556145994,-0.46252832033807734,0.8483977269212567,-0.9083313909967957,-0.1766274712985198
-0.5504402215655068,-4.475755830415686,1.4375852656050239,3.416337354573577,-0.25606901604086396,-3.0011901898194724,0.27975573060204406,-1.6134423040557708,-3.547515284118052,-0.8499288249944569,0.297846993051331
-2.935480753585193,-1.865237819850946,-1.3476351722072057,-2.2847284657466655,1.6363863200489848,-2.2827540037094547,2.9517658839692067,0.20769762061025165,2.363752965524579,2.359283416900144,-0.3836708739239094
7.391706485890398,-5.550786957194148,1.521536300099056,-2.15333676422882,-1.52797850964865,-0.16437236580447248,-1.8598061138875475,0.7566880906867206,1.5158897800969469,3.706353883626194,-2.9221505835899823e-16
-5.2239853570742545,-1.934107963911549,-0.5390737461658782,1.1701256441071957,1.574330513640524,-1.1276054293712312,1.4026774349068993,0.7277304810733866,1.126069156891067,0.7754408072216116,-0.8322649129455868
-7.1537156803831135,0.6469396673450849,-1.7365539127421459,0.31220862720729825,-0.5144721338282726,-0.3342992500004612,-0.8119310428790862,0.6961054686140229,0.7052833891434752,0.48589775154564113,-0.7632504454037904
4.068115156800819,1.6500560428890731,-0.14523702537890135,2.9559309778343525,-2.6990307425815954,3.4786273752946655,-2.0768423649241514,1.4242654213722779,-0.06690205141330793,-0.6193452286356437,0.7723214574011815
-3.064893514198136,-3.574615730892636,2.3556581041482936,2.981929228686034,1.2461777325816752,-0.11668911994193128,-0.6714026446862474,1.9138295366211209,-0.7181116875031992,-0.11261049253315206,-0.5562070427784008
-2.7411116014868044,-0.9534260193758081,-0.09507416681493984,-0.7500862713846032,1.3428796586756893,1.545112948087308,0.3240927096571678,0.8115224336550454,-0.5600923995730208,-0.12829496981685728,-0.7114895947474428
-5.029646400548816,1.2404743906884987,0.5918373371455049,5.173804491529483,-0.6449228004030093,-2.1510218026362264,1.8325806866230607,0.20548842639672765,0.06087383520520045,0.15482630686089624,-1.496529163035378
-0.5063778367921091,-1.5708162679519764,-1.9941426204361223,-2.914645879903045,1.9051403538197949,1.3323465021867307,2.062669587889,-2.0408334658671228,1.3580623768805573,2.519362450301565,-0.26289555572576534
0.14635162920047842,-1.9917957227375107,-1.0693593056843078,-2.4437609683905515,-0.9022472724660793,1.2740657068380274,-0.48245631896555696,0.5113655117626474,-1.8019278127041045,-1.4635945186201031,1.0311257106829188
-5.688030050776353,1.650006220047344,4.126797546718447,-2.4141282926433227,-9.30022997443182,-1.648328119406626,-3.7079858950043376,0.4419595477592769,2.0823143315447297,-3.5525501468047116,-1.1040093788914107
3.718941997489822,1.4996564396677157,0.6143308541857171,3.018355621795693,-0.12956188285342443,1.9762401556907954,0.33012540650519706,0.0927388392056073,2.290415117149061,0.3535609472154037,0.8499627333857025
-1.9794461234104266,-3.6798014565071386,-2.646720053307666,0.4259872696991392,-0.7737828110347649,-0.3873202501587425,2.798566796156556,0.04863912720493215,0.6095388434851509,1.561549396636776,-0.22838832195486714
3.667817783948574,2.1325143755725042,-0.7416802149701338,2.944849812707776,-1.4757730994301277,-0.975425412892517,-0.8537540771534615,2.22790327412695,0.3652174491057628,-3.2845229594914254,1.376198048391901
-0.6983906755619275,-1.8412463395133627,-2.8338600774564378,0.7972363053106082,0.16450354623519364,1.0820826929045864,2.181133586598445,-0.47801996645506095,0.32964037748859726,0.05747405524629779,-0.28014917261121447
1.479530776252988,4.336877704811715,1.405839657015594,0.8257259191487514,1.9375020142669115,1.3676069332576333,-0.803382260005574,1.3816455728580301,2.64124437769134,-1.7276968952374405,0.04396002058194695
3.8112587661528847,3.572215558791728,1.1413665111308895,0.48933491258794864,0.7266903004483125,1.3373029856371732,2.364399859385961,-1.274832138047958,0.0628585754124848,-0.49904915386318344,0.15119124952501328
-4.751488657296886,4.112293122750312,-0.9067402350424766,-1.9399328755142773,-1.0672363947918937,-1.7208373400530679,-1.524030706323848,1.8390285979837637,-0.28461269383212956,0.5104217203301342,-0.6079678934347481
6.635007076152583,0.784229750428099,-1.2856272948944063,1.924538861371993,-1.000517124669485,1.3467440581264851,-0.44290545494667755,1.351793352594808,0.9524725090576449,0.6189654537771732,2.877262717425975
3.957660356378542,-2.702706040296428,1.7357651862160473,-0.5542093221275654,1.6754203626336337,1.3171596521784437,1.1715308820264185,0.08563399533100978,2.76963019802877,-0.20630247154621337,0.686053372973936
-0.6708548818924311,-2.495567471036172,-1.677145544309002,3.4513714026459357,-1.3485900483468374,0.608369959517111,-0.1682494836244602,-1.9328938554733246,-1.6688591005808533,-2.7707175444127032,-0.40437521418644845
-1.375365002346063,-0.48099086893490195,-2.2969850321403733,-1.113972824447224,0.13441172216591699,1.9719409570447715,-2.9717352087016016,-0.2108933399929175,-1.8090032648355678,-0.5420925178872544,-0.004091302444028705
-1.8751207478853953,-3.4524971213704094,-2.653962649962,2.9758221299708416,-0.6755411630257531,-0.13351675588712855,-2.1473674310161583,2.0144889439544342,0.944412233394955,-1.3663278508434307,-0.3836708739239094
4.168731475714444,-3.083101918330017,1.8486045144783239,-1.2772535276609616,1.5003762800939875,1.2536266268988947,0.025582870747060896,-0.3137116408430043,2.2950158772091256,-1.8120327719073022,0.7550678405157324
-3.7556361891059544,-1.2234940860646868,-1.9747336245556797,0.8706617343614592,0.07008618684991576,1.3792322827306347,1.1487583852665444,-0.33807969928262727,-0.692590092311802,-1.3071541700918026,-0.7201164031901673
-2.2161458259284212,-2.3324028294505044,-0.768784581299924,4.18241555543933,0.36632572164284577,-0.2104447220567792,-0.8419440973586126,-0.19927841161599807,0.6539420572944656,-1.514539962273153,-0.4785657667938798
4.580517304578919,-3.113283896351451,0.2451921235231586,-2.678683196007002,0.044154268256774175,1.6161996627758182,2.01499836114707,-0.8316556570399155,0.7396217139490417,0.8898662802177647,0.5652780547757922
-2.1831615288380104,3.65696211349562,-3.954021471947198,0.13575194634133383,-1.0036597210682856,-5.434975539600692,-0.27153835914569613,-0.9265246958623222,2.6338771064167603,-1.0955989656269947,-0.5734606596638498
0.5306162831869377,-3.0675462489898306,-3.9983534737332675,0.02875127837420439,0.05742768696707801,-1.3866694822295857,2.349333448067113,0.16972995911448044,1.0245168899383632,1.6638232532784258,0.0908035904259414
2.148951616095831,3.4140198805241075,-1.5374426327070967,-0.6492362145894557,-2.908133934398033,-2.3928143662870487,-0.5043641350388329,-0.1314397935110512,-2.956126019125374,0.17383141797998206,1.6608827270018118
3.075702433148746,-0.1739726787101801,1.647999196401946,-3.2323547375484214,3.981175023251098,0.2507127916683027,1.4005040513969962,-0.6518464139977151,1.1209982067165383,-1.436391815856547,0.943132264567128
-1.5624118469565331,-3.179065603588613,-2.3610381968734155,0.8645983998384785,-1.8079447387182834,0.35052021962414176,2.707699395415306,-0.1714674924947097,1.0016186250372114,0.7802804400082581,-0.3836708739239094
-7.3508932646971,-0.1657819532609991,-2.2566788163663083,2.3344514669811387,-0.304183836415658,0.29318023589693476,0.13740104217432939,0.6597689220356844,0.4015712650591047,-0.35761793998327834,-0.8391663596997664
-0.8837059154594462,-2.1237825254276608,-2.5340282919905266,-0.13168884105368117,1.0918386196489427,1.2283155753157928,-0.39853551016572375,1.3081880237173271,-0.5815147443819002,-1.3134955388023708,0.02178912288414496
9.080503707837307,-0.3101457751376882,-0.4764154310940702,-0.6008505705212877,-3.390542310475865,1.507254934475736,-2.614560611513184,-0.29699715075417865,0.799950058301635,0.8854090270888063,-2.9221505835899823e-16
-6.58744389748793,-0.8796650772278773,-0.04311682519265696,0.14958336516115348,3.0500551862427088,-1.6430811927813778,-1.006302790130816,-0.6435541188858075,-0.9536034500030617,0.8641502068166578,-1.1600836337691203
2.4962328929963777,-0.15594785370055772,3.2030168075058953,-2.199699927635043,2.0696096561440758,1.529757645391761,0.5627764395346084,-1.9812494888031107,-1.4595397264149517,-2.8313127840194197,-0.09053192304012854
9.527225532616617,3.655850566587116,0.9390028229520706,-3.0653888899097255,-2.021453961056283,-1.7985605906354514,-2.942695679491468,0.8534916194261933,0.2826424211858218,3.551061691314683,-2.9221505835899823e-16
-2.3539636996836637,-3.432975500271797,0.31980514684425637,4.539104316885341,1.1655570212894257,-2.2313828077545383,0.004765964601416228,-1.4582217543194969,1.737473347125059,1.5918995113421308,-0.5216998090075026
-3.4220721926436584,4.622938598271034,0.16384228919406618,0.27903768268426143,-0.7015408933161543,-0.10588878196768144,-3.193954751458692,0.6389741765247465,0.8991238475047966,2.817386198522515,-0.7287432116328919
3.271128920187468,-3.4114061829334585,3.646999271100132,0.2847324356582216,2.3159350989249874,1.1383935908980192,-0.04022046554950705,-1.1768081721746362,1.699859889202557,-0.8448878824245775,0.40999550280675023
-4.4493689781680805,-1.1283348228690688,0.311729668821451,0.6009738792585401,3.2514260404964124,2.223406861051651,-0.9944247327204586,0.6592258991235442,1.6428215050125512,0.011996639747052137,-0.9961742733573534
-2.8876269478470715,2.603405486414207,-0.012377253663818142,3.5542041363916796,2.110590104496492,-3.287717209693457,2.356372384122883,-3.4183349290279863,2.70193277551432,1.7204577763301903,-1.1083227831127729
0.7860715464140863,-0.24907453714276462,0.870690983042744,-2.446342643554126,3.5077581500952704,-1.916509672709767,0.5433332563622306,1.6837508967673445,0.09718891036833927,-2.7661825048629116,0.17707167485318695
7.121667973305776,-4.437984419176346,2.8628270093972548,-0.40361830419133476,-3.0766222758191564,-3.5208258567523147,-0.13110839631675505,-1.4629103185242749,-2.5253613652764293,4.411272093200757,1.850672512741752
1.663020135714898,-3.6160337326684115,4.021327514430612,1.5957383169815407,-0.2290430666950041,-0.5902407578669784,0.8006300278604186,-2.670487575027767,1.319195418908894,2.643547975320321,-0.14212023752762157
-2.2605366272856013,4.048855694781821,-2.0918607943799072,0.22177493261938214,0.0993938570616679,-0.6941570976220199,-0.8314970936828653,-0.4206349320030894,-2.2552680937915626,1.654969474426183,-0.1593738544130707
0.2980493907271234,-3.7080340172286697,4.704445057995585,4.377594971872797,0.5588581328809664,2.241803980265133,1.268508509330257,-5.469355376384115,-2.1116642277263287,2.1483966385501683,-0.3612411719728257
3.984169629784017,-4.300126097804371,1.4776540056189986,-0.16658114777893424,0.7996548642619671,1.6230440516728037,0.09599674145674945,-0.9896914390075136,3.0195445801507383,-1.3868595748815846,1.1173937951101642
-3.464677804104928,-2.5499118295309184,-1.8900307582620333,-1.7532416452267574,2.0924365461864647,-3.7313975547081975,1.7092490280965993,-0.16504624011562016,2.5957132198826947,0.3032969891550957,-1.2359995480650963
1.982506871561665,4.664152629369123,2.5486674778232876,1.965853208355349,1.0457367054022073,1.8954439691147047,0.7162313818884766,0.046856350288403695,-0.6444922896072348,0.06222980831905941,-0.2295615679030782
-0.6249732351637857,0.26294199216063485,1.1871830258048905,2.770805445624315,-1.8994466473305547,-2.7798293964736605,-7.2567211992628184,-3.0298521575420634,1.9330167049493934,-2.629497874442029,-0.47074987834477117
4.637377263280867,2.147815934636248,-2.598292808914487,2.5807442528078766,-2.022688502007847,-0.021805962310262793,-0.005997680636924144,1.138785568264663,-1.9971079023640932,-2.4971678567146807,1.6867631523299855
5.376028425375327,-3.306035515081002,0.5134470642161904,-1.771268606626686,-1.1435337534793768,1.7538675384461728,0.5696531238420912,-2.003365866003387,0.7172835900493456,-0.4218412775277334,1.0656329444538168
5.576938625055897,-1.206141944672228,1.9694957416979006,-3.0984224054312435,3.6485664662787314,-0.21671744415929803,0.14184610413136606,-1.6523689605027987,3.0075868886540786,-2.3950152923640293,0.8844699671566013
-6.9086142677846,-0.28509697843138104,5.898932108846828,-1.4110988612726152,-3.7836352737230317,1.9567233232475791,3.1127326006194127,1.4905037558137089,-0.06198244161036301,-0.5803899975282699,-1.0306815071282518
6.106084708593394,-0.8759336622022765,1.0916208458209165,-3.5591224255820157,3.3606912361778583,0.3173630245522876,1.2130135786056986,-3.022807936661058,1.6918160530980073,-1.4871619922916353,1.8851797465126503
2.9317377844082273,2.0379252891734647,2.259565429130262,3.049480518404675,-0.7410178830032939,3.1006324733431714,0.5951217814614503,0.9643473830492281,-0.7368330079621427,0.08877580951164814,0.31510060993678013
7.264787697639201,1.0732821206539476,0.7099061241229612,1.1118899109890719,-1.956813090342801,1.0674426461523234,-0.45171212417922474,-0.5170608608471835,1.6453501440634952,1.19087639216002,1.8075384705281292
-1.2733416038634302,-3.0133748336712505,-1.6635626681853535,1.9926131837524619,-1.3794460104392319,-0.8074551332715798,1.4733859430427667,-2.053080197150465,2.9655005711492746,1.2193079034783265,-0.7805040622892395
0.3489884711796931,-2.0064646907491013,4.410867005766019,3.9079548118109932,1.06154618710323,0.6877905688614415,1.0391422747931192,-1.9720029608590668,1.5248821956006562,0.24088694712811073,-0.5216998090075026
-1.171355513185838,-2.1235382207763394,-0.37675649179266113,-3.581083143911069,-0.4335303167095539,1.9140326827976473,0.20688453525764455,-0.7576462415616327,-1.4147694760680687,-0.21434165052192886,0.34098103526495377
-4.054044175832097,3.95154093761062,-0.8003619136560262,0.461634370865489,-0.45527045976197633,-0.2522185841768464,-2.8488915743977916,0.954918985956675,0.3208562704761016,1.281460895874592,-0.5216998090075026
9.227562053192209,3.914548684868721,-0.5197148369006432,-1.1641087209310912,0.3191262401479618,-0.2819417634975598,-1.8115565978359223,-1.1401962692609235,2.968227326810638,-1.2193859213916163,2.6753953998662205
-4.387648692616863,-2.980104550505982,-0.6097330078926299,-0.27957269094799514,-0.8321861165680801,-2.4293749388873414,-6.472550337415294,-2.15681547778551,1.6932566430587934,-1.4039099750532447,-1.241175633130731
1.9277436936878887,2.770849869732603,-4.076390833151158,2.312942366304559,-1.397859885750125,2.06533345977902,1.6086158531260106,-1.2803567228051775,1.8518281571983872,1.5297521051576652,0.5445737145132532
0.5997235851062492,3.2832412690239394,5.4085328823085925,5.087496282190531,3.5395943132605154,-4.08496324332629,-0.22826681591110776,3.3011483523259573,-2.7437309046078395,0.34871150393414346,-0.3319100232675621
7.878431482320349,-1.392210568939241,1.0860929520326372,-4.999448323779998,-1.6280967716938095,-3.292472456608764,-2.9179804625105095,2.7580277588817053,-3.114349854227789,2.102782961143974,-2.9221505835899823e-16
-4.600479761355102,0.04130498150767256,2.650860173677576,-3.7692380138089034,-4.62783727368742,4.470817222129007,3.8255789488455814,1.18382474436365,-0.34131569726155225,-1.2979875687085587,-1.0738155493418746
-0.3754152774454335,-3.9907946785626196,6.402047986795433,4.130551864931826,0.5947197349716566,1.3530021947784296,1.0823291147127203,-4.134823843863713,0.6562685610635532,2.2748618584734444,-0.5820874681065744
4.229248186354561,4.367502805247454,3.3211823205068267,0.39396052550306293,2.092283505382319,-0.7997721344684896,-0.7623333547820259,4.247223921494755,0.12853884678192123,-1.580713442813816,0.9944617748013392
-3.373445360813166,-1.1191665574772647,-0.35462161273577897,-1.0146986248408292,2.1786874527055367,-2.458424333458082,0.2891823886136811,1.8140373566482875,0.28863844480321116,0.5692835299089488,-0.6597287440910955
4.421341541569749,-3.3241105104914017,2.278497739501106,2.2158067704332183,-2.6746482520640025,-3.526709393379326,-1.1689023305782993,-0.08953310602948528,-4.723084865253883,0.168902626981669,1.9973282562680694
0.9698753218171229,1.0940915282225252,2.58098034102033,6.435600416934163,0.7637209691869844,-1.826329295819519,-0.9255438962705715,3.2002464434197244,-1.3778409307959978,-0.1535850531311724,-0.09035938687127425
2.6302706619467706,0.18669017038150543,5.056842239516286,1.600573287588252,3.2905840773297643,-4.952167776338713,-0.11819076916677473,1.783763753513252,-4.023403601762453,-1.6250895284243332,0.44450273657764844
-1.0484371587819854,-3.2662994556352083,-2.6867972993197893,-1.6658463621920678,-0.5306056915292025,4.054743415366009,-0.00820592690615149,0.6512097072643196,-1.3673106892184916,2.4689193778865475,-0.09208474855981952
3.8252032796772313,0.11936484396288441,1.5227528310219036,-3.0750414101295056,3.417973471271674,0.5654441491453381,1.9640648250680646,-1.9042228250553468,-0.3324868655089287,-0.7969529204827295,0.375488269035852
2.893045740943458,-3.6664113266540097,2.733651285634052,2.41223612059462,-0.9469847162505288,-3.9845734507730928,-1.1856232097468657,-0.1295494170939582,-3.213956773989586,-1.0491249856361193,1.39345166527735
-3.3644263788891347,-1.5942750343072876,-0.6868877553980115,3.4506709340523707,-0.5614207267037536,0.433853237992269,-1.5235537989063765,-1.0017629361197902,0.22847526048717065,-1.65690264636068,-0.4009244908093585
1.9397660529050245,5.185073026770707,-2.8904381822447776,-1.8931488492729973,-1.0391198519087785,-1.1430335640850282,-3.7824067722650323,-0.029747247325649862,-0.9969301303342615,1.4664506556140946,1.6518935926044926
2.3795102115122266,4.131823466499108,2.6840129825082943,1.9280262779544504,2.095592023998011,0.2688429715581971,-0.6711010802682877,1.7235773379229031,0.6483518631207131,-0.6435101250449161,0.04766954821231862
-4.6939833365760615,2.3111541382750502,-0.09721996312809957,-3.0329156870758607,1.5081074756424555,2.2276272526418555,-0.17136266155786065,-1.6179317404272173,-2.7035057357689074,1.8743757313999492,-0.5320519791387721
-8.477598699242542,2.571138493806367,7.325467441768461,-4.912669437499221,-4.885438337904606,0.14485123672392183,-0.554246277797681,-0.30908374636101194,-1.2234704107969068,1.1533401155514413,-2.031391286484301
-4.547868716310427,-0.6641935494301484,-1.762155475679197,0.3322857858012668,0.6194556046219789,-0.06896394270666849,1.6438349883977452,-2.887995251288686,-1.4203879943806983,1.1123227060230467,-1.0393083155709764
0.6999116272342423,-3.8879064591531654,-3.170257307270799,-1.0736901516723554,-2.3974673348430766,-1.291162464373295,3.009848456841096,-0.320039806290517,-0.6525367304983313,0.8574688046271761,0.28404409954297155
4.289895327446158,0.3214268092048783,3.5203444909604107,-4.024949210323145,2.6569579461985033,-0.20848816544850396,-0.8201487050480143,2.027393830939067,0.2161058171519788,-1.5779570076155738,0.530770821004894
-1.7982248124251667,3.7801390214466637,-2.205997486900357,0.7852728551775321,-0.36057877874333033,-3.8076539235735734,-1.040772193479508,-1.0264289276767617,1.9822687084863488,-0.21579771434150763,-0.43543172458025675
-5.0291679303507815,-0.15935611397855273,0.6671184709877539,-0.4186386110368461,2.9769866131237595,0.5661331157310504,-0.5595132345079196,1.3131648829356208,1.194359673252773,0.16703315181752762,-0.7805040622892395
3.0237982470744136,-0.0007042027392637433,4.349718797359845,0.10227832633295007,1.6969987045037986,0.354996482873119,2.8365160705954477,-4.493354661493608,-2.5499477536008355,0.6943408349124258,0.375488269035852
4.977379992314612,-0.5365768844787349,2.576300403713268,-3.664265964147673,3.4919584296484616,-1.454499156886016,0.7891920965242356,1.3011544835471873,2.025287653383804,0.6645719444785784,0.9910973195086767
8.404465511015868,-4.996019863400971,2.0428041296864237,-4.067214986975619,-1.7993388182726144,-0.990299178351735,-2.798453496398101,0.6115278553565682,-0.6189803062234843,3.194191719740952,-2.9221505835899823e-16
6.486296133777193,-1.708246450409767,3.529074971246799,-2.2908850318498692,-0.06413877525577547,-5.26985191462792,-0.9313284547211877,-1.2831873097903745,-2.9576915819252143,3.406591495422886,1.6522559185590873
7.5469918781943255,-2.004141150867761,-0.40986681721795615,1.2736290530658354,-4.334655501153355,-1.2005769854828217,-1.7679618256384673,1.639510704302864,-1.664090186837748,3.4460858359637205,-2.9221505835899823e-16
-6.534794396985488,-3.1488211753420914,-0.4493651217390247,1.4869546506969569,-1.2400924938542037,1.8725415584393796,0.6407523630230381,0.4763692536887125,-2.200243376084905,0.7305228377857601,-1.2118444844254674
3.3746349909531763,3.469587423102682,-4.312584678092799,-0.223280193050931,-1.901140348522805,-0.44783960104686005,2.1141757008243465,-0.013543980132758768,1.5996311162826187,0.0681727938265295,0.9621112431411223
2.4267351302599995,2.856796989789254,1.6486895701402609,2.675157710931004,0.8273342665399159,0.9968721064133168,0.25602974770388315,0.44874124778038543,3.284111425645694,0.6493925104095444,0.5221440125621695
-6.293829068289352,0.9490992339647485,6.636334616608462,-3.487183720207467,-2.57039069611339,2.136013621398702,3.725949378181679,2.1870719386032182,-0.0776951960481309,1.2537085171556346,-0.9012793804873833
-2.266656525352068,-1.722480098770225,-3.4064517040936266,-0.2155081748130702,-1.1417625939880527,2.7739666884510497,-2.8993944962784752,-1.6094355214044018,-3.3327210115600296,-0.676391970849677,-0.1766274712985198
1.727166401471011,2.0857764887849486,6.076671283693987,4.210293923601048,3.6278393620427924,-2.244026322030173,-1.0436823106246766,1.1896324562073421,0.3127927120834052,1.5622340638765897,-0.09898619531399881
-0.6831936589712373,0.0735868049190454,-0.8138018677764179,-1.3086461432695524,1.4188150957036192,-4.077622761888377,1.275572170992149,-3.315586816555045,0.37952907468183616,-2.585807775849003,-0.8840257636019342
0.34300004396915884,0.9780252160857427,2.143003246882589,-0.9703819246131531,4.42449314915983,-0.004383052461541019,-0.05912457047938287,2.03582669600787,0.9288250671087159,-1.2843488989141838,-0.4785657667938798
-1.7486413261529379,-2.911878257534605,-1.8297593374270729,-0.43422074614805406,1.156767362886108,1.3758746681458673,-0.4858485625865549,-0.2401643354117616,-1.8760145358912148,-1.869646069971165,-0.055852153100376035
-7.220112395509379,0.4242458651911458,0.28941766635675986,0.6603411695733706,2.136464178652939,-3.446273019271129,0.9388618713577126,-0.3704627001062516,-0.7092225735961502,-0.5208939281283026,-1.2118444844254674
3.286170924752443,-0.8099614479504424,-3.5349523366626863,-0.24706084555643332,-2.2905590148961608,-2.5944674865879764,1.0788708970158258,3.349306313876844,-1.8385183392577629,-1.540387343674356,1.8592993211844766
1.8553793118190691,0.03937401497438549,1.7168325422782291,-2.0857416600647727,3.0682809217215175,1.4284676288817562,0.9615902234886664,-0.7357189736772332,-1.2655982046269725,-1.9079779460814945,0.10688396136318003
-1.4789934380660403,-0.2279509961271985,-4.684282768543521,-1.321160462477818,0.26691807212573737,0.9651178870225134,-1.0728039914774286,0.16698673406714737,-2.172358789929777,-0.3642381126025305,-0.6079678934347481
-4.98860845429635,-1.0489647151269283,0.33041134336528327,-0.5897378266426238,3.169367201012137,0.9325639316488633,-0.7888677788110134,0.5015611584603672,-0.015852363107743832,2.4501412970495324,-0.9530402311437306
-2.8442821935338154,3.8422474828261994,-1.6814188889989166,-1.8573829127210832,1.8914085862297827,2.166670500219814,0.5257516943609492,-0.4764012560035061,-2.0755957790638764,1.6105227162072897,0.34011835442068117
4.791596971683733,-0.12181898656939483,3.23540898075105,-1.3609370616086145,2.0645210461961483,-0.8334834166404876,2.4817420795943557,-4.605716888909375,-2.146558847640448,1.6172998596498798,0.06492316509776773
